	gene_id	Expression
0	TRINITY_DN21634_c0_g1_i5	DOWN
1	TRINITY_DN47495_c0_g1_i4	UP
2	TRINITY_DN60279_c0_g1_i1	DOWN
3	TRINITY_DN60273_c0_g2_i4	DOWN
4	TRINITY_DN27341_c1_g1_i2	DOWN
5	TRINITY_DN27334_c0_g1_i2	UP
6	TRINITY_DN33047_c1_g1_i6	DOWN
7	TRINITY_DN33001_c0_g1_i10	UP
8	TRINITY_DN33076_c0_g1_i1	UP
9	TRINITY_DN3847_c0_g1_i7	DOWN
10	TRINITY_DN3868_c0_g1_i1	DOWN
11	TRINITY_DN3868_c0_g1_i2	DOWN
12	TRINITY_DN3888_c0_g1_i3	UP
13	TRINITY_DN3849_c0_g1_i3	UP
14	TRINITY_DN3857_c0_g1_i14	DOWN
15	TRINITY_DN3855_c0_g1_i12	UP
16	TRINITY_DN3839_c0_g1_i6	DOWN
17	TRINITY_DN3839_c0_g1_i15	DOWN
18	TRINITY_DN3838_c0_g1_i3	DOWN
19	TRINITY_DN3818_c0_g1_i4	DOWN
20	TRINITY_DN3805_c0_g1_i11	UP
21	TRINITY_DN74608_c0_g1_i2	DOWN
22	TRINITY_DN24825_c0_g2_i1	DOWN
23	TRINITY_DN24807_c0_g1_i1	DOWN
24	TRINITY_DN56787_c0_g1_i5	DOWN
25	TRINITY_DN21044_c0_g1_i4	DOWN
26	TRINITY_DN21075_c0_g1_i1	UP
27	TRINITY_DN21088_c0_g1_i5	DOWN
28	TRINITY_DN21078_c0_g1_i2	DOWN
29	TRINITY_DN39322_c0_g1_i2	DOWN
30	TRINITY_DN39333_c0_g2_i3	UP
31	TRINITY_DN5905_c0_g1_i8	UP
32	TRINITY_DN5960_c0_g1_i4	DOWN
33	TRINITY_DN5998_c0_g2_i1	UP
34	TRINITY_DN5981_c0_g1_i8	UP
35	TRINITY_DN5923_c0_g1_i7	UP
36	TRINITY_DN5974_c0_g1_i4	DOWN
37	TRINITY_DN5918_c0_g1_i6	DOWN
38	TRINITY_DN5918_c0_g1_i3	UP
39	TRINITY_DN5934_c0_g1_i6	DOWN
40	TRINITY_DN5967_c0_g1_i5	UP
41	TRINITY_DN5931_c0_g1_i16	UP
42	TRINITY_DN15607_c0_g1_i4	DOWN
43	TRINITY_DN15607_c0_g1_i7	DOWN
44	TRINITY_DN50321_c0_g1_i12	DOWN
45	TRINITY_DN17224_c0_g1_i7	DOWN
46	TRINITY_DN17224_c0_g1_i8	DOWN
47	TRINITY_DN17224_c0_g1_i9	DOWN
48	TRINITY_DN17224_c0_g1_i12	UP
49	TRINITY_DN17257_c0_g1_i1	UP
50	TRINITY_DN17231_c0_g1_i4	UP
51	TRINITY_DN7636_c0_g1_i2	DOWN
52	TRINITY_DN7612_c0_g3_i7	UP
53	TRINITY_DN7612_c0_g3_i4	UP
54	TRINITY_DN7689_c0_g1_i1	DOWN
55	TRINITY_DN7621_c0_g1_i4	UP
56	TRINITY_DN7676_c0_g1_i1	DOWN
57	TRINITY_DN7608_c0_g1_i2	UP
58	TRINITY_DN7646_c0_g1_i8	UP
59	TRINITY_DN7656_c0_g2_i12	UP
60	TRINITY_DN7632_c1_g1_i2	DOWN
61	TRINITY_DN7632_c0_g1_i6	DOWN
62	TRINITY_DN7649_c0_g1_i10	DOWN
63	TRINITY_DN7606_c0_g1_i7	UP
64	TRINITY_DN7606_c0_g1_i3	UP
65	TRINITY_DN7614_c0_g1_i7	DOWN
66	TRINITY_DN7617_c0_g1_i4	DOWN
67	TRINITY_DN7662_c0_g1_i4	DOWN
68	TRINITY_DN7618_c0_g1_i1	UP
69	TRINITY_DN5648_c0_g1_i3	UP
70	TRINITY_DN5673_c0_g1_i6	UP
71	TRINITY_DN5609_c0_g1_i8	DOWN
72	TRINITY_DN5656_c0_g1_i6	DOWN
73	TRINITY_DN5654_c0_g1_i10	DOWN
74	TRINITY_DN5695_c0_g1_i9	DOWN
75	TRINITY_DN5694_c0_g1_i3	UP
76	TRINITY_DN5670_c0_g1_i1	UP
77	TRINITY_DN5670_c0_g1_i2	UP
78	TRINITY_DN5608_c0_g1_i6	DOWN
79	TRINITY_DN5676_c0_g1_i6	UP
80	TRINITY_DN5679_c0_g1_i8	DOWN
81	TRINITY_DN5626_c0_g2_i1	DOWN
82	TRINITY_DN5626_c0_g2_i3	DOWN
83	TRINITY_DN5612_c0_g1_i6	UP
84	TRINITY_DN5614_c0_g1_i3	UP
85	TRINITY_DN2510_c0_g1_i4	DOWN
86	TRINITY_DN2520_c0_g1_i10	UP
87	TRINITY_DN2590_c0_g1_i9	UP
88	TRINITY_DN2560_c0_g1_i5	UP
89	TRINITY_DN2560_c0_g1_i6	DOWN
90	TRINITY_DN2585_c0_g1_i5	DOWN
91	TRINITY_DN2536_c0_g1_i7	UP
92	TRINITY_DN2536_c0_g1_i10	UP
93	TRINITY_DN2536_c0_g1_i11	UP
94	TRINITY_DN2572_c0_g1_i1	DOWN
95	TRINITY_DN2501_c0_g1_i7	DOWN
96	TRINITY_DN2558_c0_g1_i15	UP
97	TRINITY_DN2530_c0_g1_i7	UP
98	TRINITY_DN2530_c0_g1_i9	DOWN
99	TRINITY_DN2500_c0_g1_i7	UP
100	TRINITY_DN2542_c0_g1_i10	UP
101	TRINITY_DN2527_c0_g1_i1	UP
102	TRINITY_DN2527_c0_g1_i8	UP
103	TRINITY_DN2586_c0_g1_i4	DOWN
104	TRINITY_DN2586_c0_g1_i6	UP
105	TRINITY_DN23752_c0_g1_i6	UP
106	TRINITY_DN77026_c0_g1_i3	UP
107	TRINITY_DN11377_c0_g1_i8	UP
108	TRINITY_DN11386_c1_g1_i14	UP
109	TRINITY_DN45962_c0_g1_i1	DOWN
110	TRINITY_DN45962_c0_g1_i3	DOWN
111	TRINITY_DN37717_c0_g1_i2	DOWN
112	TRINITY_DN37754_c0_g1_i4	DOWN
113	TRINITY_DN57537_c0_g1_i3	UP
114	TRINITY_DN12663_c0_g1_i5	DOWN
115	TRINITY_DN12668_c0_g1_i7	UP
116	TRINITY_DN12644_c0_g1_i1	DOWN
117	TRINITY_DN13271_c0_g1_i4	DOWN
118	TRINITY_DN13279_c0_g1_i19	UP
119	TRINITY_DN13279_c0_g1_i15	UP
120	TRINITY_DN35586_c0_g2_i2	DOWN
121	TRINITY_DN35504_c0_g1_i4	UP
122	TRINITY_DN24913_c0_g1_i9	UP
123	TRINITY_DN16888_c0_g1_i7	DOWN
124	TRINITY_DN16818_c0_g1_i5	UP
125	TRINITY_DN10481_c0_g1_i7	DOWN
126	TRINITY_DN10432_c0_g1_i2	UP
127	TRINITY_DN10455_c0_g1_i4	DOWN
128	TRINITY_DN10465_c0_g1_i3	DOWN
129	TRINITY_DN11225_c0_g1_i4	UP
130	TRINITY_DN11245_c0_g1_i12	DOWN
131	TRINITY_DN16247_c0_g1_i7	UP
132	TRINITY_DN16248_c0_g1_i1	DOWN
133	TRINITY_DN37840_c0_g1_i1	UP
134	TRINITY_DN37827_c0_g1_i2	DOWN
135	TRINITY_DN3086_c0_g1_i1	UP
136	TRINITY_DN3094_c0_g1_i10	DOWN
137	TRINITY_DN3009_c0_g1_i5	DOWN
138	TRINITY_DN3009_c0_g1_i6	DOWN
139	TRINITY_DN3009_c0_g1_i14	DOWN
140	TRINITY_DN3009_c0_g1_i10	UP
141	TRINITY_DN3073_c0_g1_i3	UP
142	TRINITY_DN3004_c0_g1_i12	UP
143	TRINITY_DN3018_c0_g1_i1	UP
144	TRINITY_DN3068_c0_g1_i5	DOWN
145	TRINITY_DN3025_c0_g1_i11	UP
146	TRINITY_DN3013_c0_g1_i2	UP
147	TRINITY_DN3010_c0_g1_i2	UP
148	TRINITY_DN3010_c0_g1_i3	DOWN
149	TRINITY_DN13878_c0_g1_i4	UP
150	TRINITY_DN13847_c0_g1_i2	UP
151	TRINITY_DN13869_c0_g1_i1	DOWN
152	TRINITY_DN13836_c0_g1_i1	UP
153	TRINITY_DN13882_c0_g1_i5	DOWN
154	TRINITY_DN76357_c1_g1_i1	DOWN
155	TRINITY_DN2621_c0_g1_i6	DOWN
156	TRINITY_DN2621_c0_g1_i9	UP
157	TRINITY_DN2673_c0_g1_i2	DOWN
158	TRINITY_DN2617_c0_g1_i6	UP
159	TRINITY_DN2617_c0_g1_i1	UP
160	TRINITY_DN2649_c0_g1_i7	UP
161	TRINITY_DN2642_c0_g1_i3	UP
162	TRINITY_DN2693_c0_g1_i7	UP
163	TRINITY_DN2611_c0_g1_i5	DOWN
164	TRINITY_DN2653_c0_g1_i9	DOWN
165	TRINITY_DN2653_c0_g1_i12	UP
166	TRINITY_DN2626_c0_g1_i4	UP
167	TRINITY_DN2641_c0_g1_i5	UP
168	TRINITY_DN2641_c0_g1_i3	UP
169	TRINITY_DN2674_c0_g1_i12	DOWN
170	TRINITY_DN45373_c1_g1_i1	UP
171	TRINITY_DN3152_c0_g1_i5	DOWN
172	TRINITY_DN3180_c0_g1_i6	DOWN
173	TRINITY_DN3168_c0_g1_i5	UP
174	TRINITY_DN3129_c0_g1_i1	UP
175	TRINITY_DN3129_c0_g1_i11	UP
176	TRINITY_DN3116_c0_g1_i1	UP
177	TRINITY_DN3192_c0_g1_i2	DOWN
178	TRINITY_DN3154_c0_g1_i2	DOWN
179	TRINITY_DN3147_c0_g1_i7	DOWN
180	TRINITY_DN3130_c0_g1_i3	UP
181	TRINITY_DN3121_c0_g2_i4	UP
182	TRINITY_DN3128_c0_g1_i4	DOWN
183	TRINITY_DN3128_c0_g1_i6	UP
184	TRINITY_DN3120_c0_g1_i1	DOWN
185	TRINITY_DN4982_c0_g1_i6	DOWN
186	TRINITY_DN4982_c0_g1_i2	UP
187	TRINITY_DN4982_c0_g1_i10	DOWN
188	TRINITY_DN4904_c0_g1_i3	UP
189	TRINITY_DN4944_c0_g1_i3	DOWN
190	TRINITY_DN4976_c0_g1_i10	DOWN
191	TRINITY_DN4916_c0_g1_i1	DOWN
192	TRINITY_DN4907_c0_g2_i1	UP
193	TRINITY_DN4907_c1_g1_i2	UP
194	TRINITY_DN4935_c0_g1_i5	UP
195	TRINITY_DN4991_c0_g1_i4	DOWN
196	TRINITY_DN4991_c0_g1_i5	UP
197	TRINITY_DN4991_c0_g1_i1	UP
198	TRINITY_DN4958_c0_g1_i6	UP
199	TRINITY_DN4958_c0_g1_i2	UP
200	TRINITY_DN4936_c0_g1_i2	UP
201	TRINITY_DN4942_c0_g1_i2	UP
202	TRINITY_DN4997_c0_g1_i5	DOWN
203	TRINITY_DN4997_c0_g1_i3	UP
204	TRINITY_DN4997_c0_g1_i10	UP
205	TRINITY_DN4951_c0_g1_i2	UP
206	TRINITY_DN4951_c0_g1_i11	UP
207	TRINITY_DN4947_c0_g1_i4	DOWN
208	TRINITY_DN4947_c0_g1_i19	DOWN
209	TRINITY_DN4947_c0_g1_i14	DOWN
210	TRINITY_DN4947_c0_g1_i10	DOWN
211	TRINITY_DN4947_c0_g1_i11	DOWN
212	TRINITY_DN14102_c0_g1_i7	UP
213	TRINITY_DN14197_c0_g1_i2	UP
214	TRINITY_DN14116_c0_g1_i2	DOWN
215	TRINITY_DN14116_c0_g1_i10	UP
216	TRINITY_DN14155_c0_g1_i1	DOWN
217	TRINITY_DN24011_c0_g1_i1	UP
218	TRINITY_DN24091_c0_g1_i6	DOWN
219	TRINITY_DN34119_c0_g1_i5	UP
220	TRINITY_DN34133_c0_g1_i4	DOWN
221	TRINITY_DN34199_c0_g1_i1	UP
222	TRINITY_DN30573_c0_g2_i2	UP
223	TRINITY_DN30514_c0_g1_i2	DOWN
224	TRINITY_DN2823_c0_g2_i9	UP
225	TRINITY_DN2861_c0_g1_i7	DOWN
226	TRINITY_DN2863_c0_g1_i7	UP
227	TRINITY_DN2828_c0_g1_i8	DOWN
228	TRINITY_DN2828_c0_g1_i11	UP
229	TRINITY_DN2809_c0_g1_i2	UP
230	TRINITY_DN2836_c0_g1_i3	DOWN
231	TRINITY_DN2822_c0_g1_i9	UP
232	TRINITY_DN2834_c0_g1_i13	UP
233	TRINITY_DN2808_c0_g1_i9	UP
234	TRINITY_DN2840_c0_g1_i6	DOWN
235	TRINITY_DN2840_c0_g1_i7	DOWN
236	TRINITY_DN2840_c0_g1_i1	DOWN
237	TRINITY_DN2840_c0_g1_i11	DOWN
238	TRINITY_DN2826_c0_g1_i1	DOWN
239	TRINITY_DN2846_c0_g1_i5	UP
240	TRINITY_DN2815_c0_g1_i13	UP
241	TRINITY_DN2825_c0_g1_i1	UP
242	TRINITY_DN2802_c0_g1_i2	UP
243	TRINITY_DN2880_c0_g1_i2	UP
244	TRINITY_DN2852_c0_g1_i3	UP
245	TRINITY_DN2882_c1_g1_i2	UP
246	TRINITY_DN2882_c0_g1_i3	DOWN
247	TRINITY_DN27037_c0_g1_i1	DOWN
248	TRINITY_DN25952_c0_g1_i6	UP
249	TRINITY_DN25972_c0_g1_i9	UP
250	TRINITY_DN61453_c0_g1_i1	DOWN
251	TRINITY_DN61467_c0_g1_i2	DOWN
252	TRINITY_DN50721_c0_g1_i4	DOWN
253	TRINITY_DN50721_c0_g1_i5	DOWN
254	TRINITY_DN50721_c0_g1_i3	DOWN
255	TRINITY_DN50724_c2_g1_i1	UP
256	TRINITY_DN35402_c0_g1_i2	UP
257	TRINITY_DN32623_c0_g1_i3	DOWN
258	TRINITY_DN43482_c0_g1_i2	UP
259	TRINITY_DN49907_c0_g1_i2	UP
260	TRINITY_DN59905_c0_g1_i2	DOWN
261	TRINITY_DN59910_c0_g1_i4	DOWN
262	TRINITY_DN59910_c0_g1_i5	DOWN
263	TRINITY_DN59910_c0_g1_i1	DOWN
264	TRINITY_DN8859_c0_g1_i7	DOWN
265	TRINITY_DN8821_c0_g1_i3	DOWN
266	TRINITY_DN8878_c0_g1_i1	UP
267	TRINITY_DN8846_c0_g1_i17	UP
268	TRINITY_DN8873_c0_g1_i1	DOWN
269	TRINITY_DN8825_c0_g1_i6	DOWN
270	TRINITY_DN2776_c0_g1_i11	UP
271	TRINITY_DN2706_c0_g1_i6	DOWN
272	TRINITY_DN2742_c0_g1_i8	DOWN
273	TRINITY_DN2792_c0_g1_i1	UP
274	TRINITY_DN2790_c0_g1_i2	DOWN
275	TRINITY_DN2740_c0_g1_i5	DOWN
276	TRINITY_DN2764_c0_g1_i6	UP
277	TRINITY_DN2703_c0_g1_i3	UP
278	TRINITY_DN26584_c0_g1_i9	DOWN
279	TRINITY_DN18137_c0_g1_i1	DOWN
280	TRINITY_DN18132_c0_g1_i1	DOWN
281	TRINITY_DN18115_c0_g1_i1	UP
282	TRINITY_DN18134_c0_g1_i1	DOWN
283	TRINITY_DN32844_c0_g1_i1	UP
284	TRINITY_DN32895_c0_g1_i3	UP
285	TRINITY_DN32810_c0_g1_i1	DOWN
286	TRINITY_DN42282_c0_g1_i2	UP
287	TRINITY_DN24747_c0_g1_i1	DOWN
288	TRINITY_DN24731_c0_g1_i7	DOWN
289	TRINITY_DN24748_c0_g1_i12	UP
290	TRINITY_DN33674_c0_g1_i7	DOWN
291	TRINITY_DN33674_c0_g1_i2	DOWN
292	TRINITY_DN54658_c0_g1_i5	DOWN
293	TRINITY_DN54641_c0_g1_i5	UP
294	TRINITY_DN25824_c0_g1_i1	UP
295	TRINITY_DN32735_c0_g1_i10	UP
296	TRINITY_DN73773_c0_g1_i2	UP
297	TRINITY_DN28158_c0_g1_i2	UP
298	TRINITY_DN28198_c0_g1_i1	DOWN
299	TRINITY_DN28198_c0_g1_i3	DOWN
300	TRINITY_DN28189_c0_g1_i3	DOWN
301	TRINITY_DN28128_c0_g1_i6	UP
302	TRINITY_DN20677_c0_g1_i5	UP
303	TRINITY_DN51727_c0_g1_i4	UP
304	TRINITY_DN17056_c0_g1_i3	UP
305	TRINITY_DN17058_c0_g1_i4	UP
306	TRINITY_DN17047_c0_g2_i1	UP
307	TRINITY_DN17094_c0_g1_i6	DOWN
308	TRINITY_DN18338_c0_g1_i3	DOWN
309	TRINITY_DN18368_c0_g1_i7	UP
310	TRINITY_DN18385_c0_g1_i7	UP
311	TRINITY_DN18385_c0_g1_i12	DOWN
312	TRINITY_DN23011_c0_g1_i11	DOWN
313	TRINITY_DN23033_c0_g1_i1	UP
314	TRINITY_DN20115_c0_g1_i9	DOWN
315	TRINITY_DN34507_c0_g1_i1	UP
316	TRINITY_DN6992_c1_g1_i4	UP
317	TRINITY_DN6992_c0_g1_i2	UP
318	TRINITY_DN6990_c0_g1_i9	UP
319	TRINITY_DN6913_c0_g1_i6	UP
320	TRINITY_DN6979_c0_g1_i7	UP
321	TRINITY_DN6979_c0_g1_i1	UP
322	TRINITY_DN6979_c0_g1_i8	UP
323	TRINITY_DN6935_c0_g1_i4	UP
324	TRINITY_DN6934_c0_g1_i3	DOWN
325	TRINITY_DN4817_c0_g1_i2	DOWN
326	TRINITY_DN4856_c0_g1_i7	UP
327	TRINITY_DN4856_c0_g1_i8	DOWN
328	TRINITY_DN4853_c0_g1_i3	UP
329	TRINITY_DN4851_c0_g1_i5	UP
330	TRINITY_DN4885_c0_g1_i6	UP
331	TRINITY_DN4858_c0_g1_i1	UP
332	TRINITY_DN4841_c0_g1_i1	UP
333	TRINITY_DN4878_c0_g1_i4	DOWN
334	TRINITY_DN4805_c0_g1_i10	UP
335	TRINITY_DN4892_c0_g1_i4	UP
336	TRINITY_DN3759_c0_g1_i2	UP
337	TRINITY_DN3757_c0_g1_i1	UP
338	TRINITY_DN3710_c0_g1_i6	UP
339	TRINITY_DN3701_c0_g1_i2	UP
340	TRINITY_DN3717_c0_g1_i4	UP
341	TRINITY_DN3799_c0_g1_i6	UP
342	TRINITY_DN3722_c0_g1_i7	DOWN
343	TRINITY_DN3722_c0_g1_i9	UP
344	TRINITY_DN3765_c0_g1_i6	UP
345	TRINITY_DN3765_c0_g1_i9	DOWN
346	TRINITY_DN3765_c0_g1_i16	UP
347	TRINITY_DN3792_c0_g1_i2	UP
348	TRINITY_DN3709_c0_g1_i5	DOWN
349	TRINITY_DN3709_c0_g1_i6	UP
350	TRINITY_DN3709_c0_g1_i1	UP
351	TRINITY_DN3709_c0_g1_i2	UP
352	TRINITY_DN3753_c0_g1_i6	DOWN
353	TRINITY_DN3706_c0_g1_i1	UP
354	TRINITY_DN13984_c0_g1_i3	DOWN
355	TRINITY_DN33731_c0_g1_i5	UP
356	TRINITY_DN17153_c0_g1_i6	UP
357	TRINITY_DN17161_c0_g1_i1	UP
358	TRINITY_DN17196_c0_g1_i7	DOWN
359	TRINITY_DN17109_c0_g1_i1	UP
360	TRINITY_DN7244_c0_g1_i3	UP
361	TRINITY_DN7290_c0_g1_i4	UP
362	TRINITY_DN7235_c0_g1_i2	DOWN
363	TRINITY_DN7270_c0_g1_i2	UP
364	TRINITY_DN7240_c0_g1_i18	UP
365	TRINITY_DN7239_c0_g1_i5	UP
366	TRINITY_DN7239_c0_g1_i2	DOWN
367	TRINITY_DN7233_c0_g1_i1	UP
368	TRINITY_DN31278_c0_g2_i1	UP
369	TRINITY_DN26822_c0_g1_i3	UP
370	TRINITY_DN8140_c0_g1_i1	UP
371	TRINITY_DN8105_c0_g1_i1	UP
372	TRINITY_DN8159_c0_g2_i9	DOWN
373	TRINITY_DN8185_c0_g1_i7	DOWN
374	TRINITY_DN8185_c0_g1_i12	DOWN
375	TRINITY_DN8117_c0_g1_i7	UP
376	TRINITY_DN8117_c0_g1_i10	UP
377	TRINITY_DN8103_c0_g1_i2	UP
378	TRINITY_DN8103_c0_g1_i11	UP
379	TRINITY_DN8141_c0_g1_i5	UP
380	TRINITY_DN8192_c0_g1_i4	DOWN
381	TRINITY_DN8192_c0_g1_i10	UP
382	TRINITY_DN8106_c0_g1_i3	UP
383	TRINITY_DN8129_c0_g1_i2	UP
384	TRINITY_DN18681_c0_g1_i1	UP
385	TRINITY_DN22781_c0_g1_i3	UP
386	TRINITY_DN44733_c0_g1_i5	DOWN
387	TRINITY_DN44733_c0_g1_i9	UP
388	TRINITY_DN3605_c0_g1_i4	UP
389	TRINITY_DN3605_c0_g1_i15	UP
390	TRINITY_DN3637_c0_g1_i8	UP
391	TRINITY_DN3623_c0_g1_i1	UP
392	TRINITY_DN3614_c1_g2_i4	UP
393	TRINITY_DN3655_c0_g2_i2	DOWN
394	TRINITY_DN3670_c0_g1_i12	UP
395	TRINITY_DN3618_c0_g1_i4	DOWN
396	TRINITY_DN3618_c0_g1_i3	UP
397	TRINITY_DN3618_c0_g1_i12	UP
398	TRINITY_DN3629_c0_g1_i1	UP
399	TRINITY_DN3610_c1_g1_i7	UP
400	TRINITY_DN3636_c0_g1_i1	DOWN
401	TRINITY_DN3652_c0_g1_i6	UP
402	TRINITY_DN14697_c0_g1_i1	UP
403	TRINITY_DN14616_c0_g1_i3	UP
404	TRINITY_DN14614_c0_g1_i4	UP
405	TRINITY_DN14640_c0_g1_i4	UP
406	TRINITY_DN14661_c0_g1_i9	DOWN
407	TRINITY_DN54292_c0_g1_i1	UP
408	TRINITY_DN4700_c0_g1_i4	UP
409	TRINITY_DN4724_c0_g1_i3	DOWN
410	TRINITY_DN4765_c0_g1_i2	UP
411	TRINITY_DN4787_c0_g1_i1	UP
412	TRINITY_DN4708_c0_g1_i9	UP
413	TRINITY_DN4705_c0_g1_i6	UP
414	TRINITY_DN4719_c0_g1_i4	DOWN
415	TRINITY_DN4719_c0_g1_i9	UP
416	TRINITY_DN4719_c0_g1_i14	UP
417	TRINITY_DN4703_c0_g1_i1	DOWN
418	TRINITY_DN4783_c0_g2_i4	DOWN
419	TRINITY_DN4780_c0_g1_i4	UP
420	TRINITY_DN13174_c0_g1_i8	DOWN
421	TRINITY_DN13146_c0_g1_i1	DOWN
422	TRINITY_DN13199_c0_g1_i1	DOWN
423	TRINITY_DN13188_c0_g1_i8	UP
424	TRINITY_DN13133_c0_g1_i3	UP
425	TRINITY_DN13122_c0_g2_i1	DOWN
426	TRINITY_DN51589_c0_g1_i7	UP
427	TRINITY_DN34830_c0_g1_i6	DOWN
428	TRINITY_DN34882_c0_g1_i2	UP
429	TRINITY_DN34814_c0_g1_i4	DOWN
430	TRINITY_DN9655_c0_g1_i6	UP
431	TRINITY_DN9629_c0_g1_i10	UP
432	TRINITY_DN9615_c0_g1_i6	UP
433	TRINITY_DN9674_c0_g1_i25	UP
434	TRINITY_DN9694_c0_g1_i1	UP
435	TRINITY_DN9691_c0_g1_i5	UP
436	TRINITY_DN9691_c0_g1_i9	UP
437	TRINITY_DN9692_c0_g1_i9	UP
438	TRINITY_DN11679_c0_g1_i5	UP
439	TRINITY_DN11645_c0_g1_i3	DOWN
440	TRINITY_DN11603_c0_g1_i4	DOWN
441	TRINITY_DN11601_c0_g1_i7	UP
442	TRINITY_DN11697_c0_g1_i7	UP
443	TRINITY_DN11681_c0_g1_i7	UP
444	TRINITY_DN11638_c0_g1_i4	UP
445	TRINITY_DN26264_c0_g1_i4	UP
446	TRINITY_DN27748_c0_g1_i2	UP
447	TRINITY_DN27781_c0_g1_i3	UP
448	TRINITY_DN27784_c0_g1_i6	UP
449	TRINITY_DN87209_c0_g1_i1	DOWN
450	TRINITY_DN62931_c0_g1_i7	UP
451	TRINITY_DN62931_c0_g1_i2	DOWN
452	TRINITY_DN24695_c0_g2_i5	UP
453	TRINITY_DN24695_c0_g2_i6	DOWN
454	TRINITY_DN24680_c0_g1_i4	DOWN
455	TRINITY_DN24655_c0_g1_i1	DOWN
456	TRINITY_DN21812_c0_g1_i3	UP
457	TRINITY_DN4246_c0_g1_i4	UP
458	TRINITY_DN4224_c0_g1_i2	UP
459	TRINITY_DN4259_c0_g1_i1	UP
460	TRINITY_DN4272_c0_g1_i7	UP
461	TRINITY_DN4272_c0_g1_i15	UP
462	TRINITY_DN4287_c0_g1_i3	UP
463	TRINITY_DN4217_c0_g1_i3	DOWN
464	TRINITY_DN4291_c0_g2_i1	UP
465	TRINITY_DN4257_c0_g1_i7	DOWN
466	TRINITY_DN4214_c0_g1_i5	UP
467	TRINITY_DN4234_c1_g1_i1	UP
468	TRINITY_DN4225_c0_g1_i6	UP
469	TRINITY_DN4225_c0_g1_i3	UP
470	TRINITY_DN54884_c0_g1_i1	DOWN
471	TRINITY_DN7596_c0_g1_i4	UP
472	TRINITY_DN7584_c0_g1_i4	UP
473	TRINITY_DN7527_c0_g1_i1	DOWN
474	TRINITY_DN7520_c0_g1_i7	DOWN
475	TRINITY_DN7555_c0_g1_i3	DOWN
476	TRINITY_DN7591_c1_g1_i11	DOWN
477	TRINITY_DN7500_c0_g1_i5	DOWN
478	TRINITY_DN7571_c0_g1_i13	UP
479	TRINITY_DN1428_c0_g1_i3	DOWN
480	TRINITY_DN1428_c0_g1_i10	DOWN
481	TRINITY_DN1497_c0_g1_i5	DOWN
482	TRINITY_DN1497_c0_g1_i2	DOWN
483	TRINITY_DN1497_c0_g1_i3	DOWN
484	TRINITY_DN1413_c0_g1_i5	UP
485	TRINITY_DN1456_c0_g1_i3	UP
486	TRINITY_DN1401_c0_g1_i9	UP
487	TRINITY_DN1442_c0_g1_i17	UP
488	TRINITY_DN1410_c0_g1_i3	UP
489	TRINITY_DN1444_c0_g1_i2	DOWN
490	TRINITY_DN1485_c0_g1_i3	DOWN
491	TRINITY_DN1408_c0_g1_i6	UP
492	TRINITY_DN1475_c0_g1_i5	DOWN
493	TRINITY_DN1486_c0_g1_i6	UP
494	TRINITY_DN1494_c0_g1_i5	UP
495	TRINITY_DN1472_c0_g1_i6	DOWN
496	TRINITY_DN1433_c0_g1_i10	DOWN
497	TRINITY_DN1482_c0_g1_i7	DOWN
498	TRINITY_DN1400_c0_g1_i9	UP
499	TRINITY_DN1488_c0_g1_i8	UP
500	TRINITY_DN1445_c0_g1_i6	UP
501	TRINITY_DN1445_c0_g1_i9	UP
502	TRINITY_DN4517_c0_g1_i5	UP
503	TRINITY_DN4517_c0_g1_i3	UP
504	TRINITY_DN4579_c0_g1_i2	DOWN
505	TRINITY_DN4598_c0_g1_i6	UP
506	TRINITY_DN4504_c0_g1_i1	UP
507	TRINITY_DN4544_c0_g1_i1	UP
508	TRINITY_DN4578_c0_g1_i2	DOWN
509	TRINITY_DN4584_c0_g1_i1	DOWN
510	TRINITY_DN4518_c0_g1_i5	DOWN
511	TRINITY_DN4514_c0_g1_i8	DOWN
512	TRINITY_DN4532_c0_g1_i12	DOWN
513	TRINITY_DN4503_c0_g1_i8	DOWN
514	TRINITY_DN4541_c0_g1_i4	UP
515	TRINITY_DN4586_c0_g1_i13	UP
516	TRINITY_DN4520_c0_g1_i1	DOWN
517	TRINITY_DN4520_c0_g1_i2	UP
518	TRINITY_DN4549_c0_g1_i3	UP
519	TRINITY_DN4515_c0_g1_i17	UP
520	TRINITY_DN4536_c0_g1_i3	UP
521	TRINITY_DN4566_c0_g1_i6	DOWN
522	TRINITY_DN4566_c0_g1_i1	DOWN
523	TRINITY_DN4566_c0_g1_i2	DOWN
524	TRINITY_DN4562_c1_g1_i2	DOWN
525	TRINITY_DN4562_c0_g1_i5	DOWN
526	TRINITY_DN4562_c0_g1_i6	UP
527	TRINITY_DN4562_c0_g1_i8	UP
528	TRINITY_DN16798_c0_g1_i5	UP
529	TRINITY_DN16737_c0_g1_i1	DOWN
530	TRINITY_DN3548_c0_g1_i1	UP
531	TRINITY_DN3504_c0_g1_i3	DOWN
532	TRINITY_DN3501_c0_g2_i3	UP
533	TRINITY_DN3564_c0_g1_i9	DOWN
534	TRINITY_DN3523_c0_g1_i3	DOWN
535	TRINITY_DN3544_c0_g1_i2	UP
536	TRINITY_DN3556_c0_g1_i2	UP
537	TRINITY_DN3556_c0_g1_i11	UP
538	TRINITY_DN3551_c0_g1_i6	DOWN
539	TRINITY_DN3505_c0_g1_i4	UP
540	TRINITY_DN3569_c0_g1_i4	DOWN
541	TRINITY_DN3569_c0_g1_i8	DOWN
542	TRINITY_DN3591_c0_g1_i1	DOWN
543	TRINITY_DN3586_c1_g1_i2	UP
544	TRINITY_DN3584_c0_g1_i7	UP
545	TRINITY_DN3590_c0_g1_i3	UP
546	TRINITY_DN4314_c0_g1_i3	DOWN
547	TRINITY_DN4341_c0_g1_i2	UP
548	TRINITY_DN4334_c0_g1_i6	UP
549	TRINITY_DN4317_c0_g1_i4	UP
550	TRINITY_DN4364_c0_g1_i4	DOWN
551	TRINITY_DN4378_c0_g1_i7	UP
552	TRINITY_DN4390_c0_g1_i1	DOWN
553	TRINITY_DN4390_c0_g1_i3	DOWN
554	TRINITY_DN4344_c0_g1_i3	UP
555	TRINITY_DN4373_c0_g1_i9	UP
556	TRINITY_DN4371_c0_g1_i19	DOWN
557	TRINITY_DN4371_c0_g1_i16	DOWN
558	TRINITY_DN4389_c0_g1_i6	DOWN
559	TRINITY_DN76239_c0_g1_i1	DOWN
560	TRINITY_DN2913_c0_g1_i4	DOWN
561	TRINITY_DN2913_c0_g1_i7	DOWN
562	TRINITY_DN2926_c0_g1_i2	DOWN
563	TRINITY_DN2983_c0_g1_i9	DOWN
564	TRINITY_DN2961_c0_g1_i5	DOWN
565	TRINITY_DN2979_c0_g1_i1	UP
566	TRINITY_DN2991_c0_g1_i7	DOWN
567	TRINITY_DN2991_c0_g1_i9	UP
568	TRINITY_DN2994_c0_g1_i2	UP
569	TRINITY_DN2914_c0_g1_i5	DOWN
570	TRINITY_DN2951_c0_g2_i9	UP
571	TRINITY_DN2985_c0_g1_i10	DOWN
572	TRINITY_DN2945_c0_g1_i2	UP
573	TRINITY_DN2916_c0_g1_i9	UP
574	TRINITY_DN2950_c0_g1_i1	UP
575	TRINITY_DN6853_c0_g1_i6	UP
576	TRINITY_DN6853_c0_g1_i8	UP
577	TRINITY_DN6838_c0_g1_i5	DOWN
578	TRINITY_DN6838_c0_g1_i10	UP
579	TRINITY_DN6864_c0_g2_i3	DOWN
580	TRINITY_DN6864_c0_g3_i1	DOWN
581	TRINITY_DN6808_c1_g1_i5	UP
582	TRINITY_DN6851_c0_g1_i7	DOWN
583	TRINITY_DN6871_c0_g1_i7	UP
584	TRINITY_DN6805_c0_g1_i8	UP
585	TRINITY_DN6805_c0_g1_i10	UP
586	TRINITY_DN6837_c0_g1_i5	UP
587	TRINITY_DN6852_c0_g1_i3	DOWN
588	TRINITY_DN6859_c0_g1_i3	DOWN
589	TRINITY_DN6821_c0_g1_i10	DOWN
590	TRINITY_DN6881_c0_g1_i2	UP
591	TRINITY_DN8468_c0_g1_i1	UP
592	TRINITY_DN8431_c0_g1_i1	DOWN
593	TRINITY_DN8495_c0_g1_i12	UP
594	TRINITY_DN8471_c0_g1_i6	DOWN
595	TRINITY_DN8404_c0_g1_i16	DOWN
596	TRINITY_DN8425_c0_g1_i3	UP
597	TRINITY_DN8442_c0_g1_i6	UP
598	TRINITY_DN8419_c0_g1_i4	UP
599	TRINITY_DN8419_c0_g1_i7	DOWN
600	TRINITY_DN8419_c0_g1_i9	DOWN
601	TRINITY_DN8488_c0_g1_i9	DOWN
602	TRINITY_DN8488_c0_g1_i12	DOWN
603	TRINITY_DN8477_c0_g1_i10	DOWN
604	TRINITY_DN10175_c0_g1_i6	UP
605	TRINITY_DN10113_c0_g1_i2	DOWN
606	TRINITY_DN10107_c0_g1_i2	DOWN
607	TRINITY_DN10177_c0_g1_i3	DOWN
608	TRINITY_DN10192_c0_g1_i1	DOWN
609	TRINITY_DN10192_c0_g2_i1	DOWN
610	TRINITY_DN10104_c0_g1_i5	UP
611	TRINITY_DN16016_c0_g1_i5	UP
612	TRINITY_DN16046_c0_g1_i5	DOWN
613	TRINITY_DN16056_c0_g1_i1	UP
614	TRINITY_DN16030_c0_g1_i2	UP
615	TRINITY_DN16067_c0_g1_i2	UP
616	TRINITY_DN16051_c0_g1_i9	UP
617	TRINITY_DN52898_c0_g1_i4	DOWN
618	TRINITY_DN34329_c0_g1_i1	DOWN
619	TRINITY_DN44495_c0_g1_i4	UP
620	TRINITY_DN44495_c0_g1_i1	UP
621	TRINITY_DN12572_c0_g1_i4	DOWN
622	TRINITY_DN12572_c0_g1_i10	DOWN
623	TRINITY_DN12587_c0_g1_i6	UP
624	TRINITY_DN20004_c0_g1_i6	UP
625	TRINITY_DN20086_c0_g1_i4	UP
626	TRINITY_DN20076_c0_g1_i7	UP
627	TRINITY_DN9336_c1_g1_i1	DOWN
628	TRINITY_DN9383_c0_g1_i6	DOWN
629	TRINITY_DN9373_c0_g1_i12	UP
630	TRINITY_DN9325_c0_g1_i6	DOWN
631	TRINITY_DN9325_c0_g1_i9	DOWN
632	TRINITY_DN9378_c1_g1_i1	DOWN
633	TRINITY_DN9378_c0_g1_i3	DOWN
634	TRINITY_DN9317_c0_g1_i6	DOWN
635	TRINITY_DN9340_c0_g1_i2	DOWN
636	TRINITY_DN9398_c0_g1_i2	UP
637	TRINITY_DN9398_c0_g1_i3	UP
638	TRINITY_DN38563_c0_g1_i4	DOWN
639	TRINITY_DN61383_c0_g3_i2	UP
640	TRINITY_DN1057_c0_g1_i3	UP
641	TRINITY_DN1067_c0_g1_i3	UP
642	TRINITY_DN1067_c0_g1_i9	UP
643	TRINITY_DN1067_c0_g1_i11	DOWN
644	TRINITY_DN1055_c0_g1_i4	UP
645	TRINITY_DN1045_c0_g1_i18	DOWN
646	TRINITY_DN1036_c0_g1_i3	DOWN
647	TRINITY_DN1059_c0_g1_i2	UP
648	TRINITY_DN1046_c0_g1_i4	DOWN
649	TRINITY_DN1046_c0_g1_i3	DOWN
650	TRINITY_DN1046_c0_g1_i18	DOWN
651	TRINITY_DN1061_c0_g1_i1	UP
652	TRINITY_DN1092_c0_g1_i8	DOWN
653	TRINITY_DN1075_c0_g1_i9	UP
654	TRINITY_DN1010_c0_g1_i5	DOWN
655	TRINITY_DN1018_c0_g1_i18	DOWN
656	TRINITY_DN1024_c0_g1_i7	UP
657	TRINITY_DN1024_c0_g1_i3	DOWN
658	TRINITY_DN1020_c0_g1_i1	DOWN
659	TRINITY_DN1068_c0_g1_i6	DOWN
660	TRINITY_DN1068_c0_g1_i12	UP
661	TRINITY_DN1068_c0_g1_i13	UP
662	TRINITY_DN1015_c0_g1_i1	DOWN
663	TRINITY_DN1086_c0_g1_i8	DOWN
664	TRINITY_DN1094_c0_g1_i6	UP
665	TRINITY_DN1096_c0_g1_i3	UP
666	TRINITY_DN1096_c0_g1_i8	UP
667	TRINITY_DN1037_c0_g1_i7	UP
668	TRINITY_DN1072_c0_g1_i6	UP
669	TRINITY_DN1076_c0_g1_i7	UP
670	TRINITY_DN1076_c0_g1_i2	UP
671	TRINITY_DN1053_c0_g1_i9	UP
672	TRINITY_DN1069_c0_g1_i1	UP
673	TRINITY_DN40607_c1_g1_i1	UP
674	TRINITY_DN19801_c0_g1_i1	DOWN
675	TRINITY_DN19839_c0_g2_i1	DOWN
676	TRINITY_DN19899_c0_g1_i9	DOWN
677	TRINITY_DN4097_c0_g1_i3	UP
678	TRINITY_DN4026_c0_g1_i4	DOWN
679	TRINITY_DN4089_c0_g1_i11	DOWN
680	TRINITY_DN4079_c0_g1_i1	UP
681	TRINITY_DN4024_c0_g1_i3	DOWN
682	TRINITY_DN4036_c0_g1_i6	DOWN
683	TRINITY_DN4036_c0_g2_i1	DOWN
684	TRINITY_DN4068_c0_g1_i7	DOWN
685	TRINITY_DN4068_c0_g1_i8	DOWN
686	TRINITY_DN4068_c0_g1_i12	UP
687	TRINITY_DN4070_c0_g2_i2	DOWN
688	TRINITY_DN74829_c0_g1_i1	DOWN
689	TRINITY_DN11012_c0_g1_i4	UP
690	TRINITY_DN11012_c0_g1_i9	UP
691	TRINITY_DN11073_c0_g1_i3	UP
692	TRINITY_DN11072_c0_g1_i5	DOWN
693	TRINITY_DN10029_c0_g1_i7	DOWN
694	TRINITY_DN10017_c0_g1_i16	UP
695	TRINITY_DN10072_c0_g1_i5	UP
696	TRINITY_DN10061_c0_g1_i7	UP
697	TRINITY_DN10027_c0_g1_i4	DOWN
698	TRINITY_DN10001_c0_g1_i9	UP
699	TRINITY_DN53436_c0_g1_i1	UP
700	TRINITY_DN50442_c0_g1_i1	UP
701	TRINITY_DN38043_c0_g1_i1	DOWN
702	TRINITY_DN61518_c0_g1_i2	DOWN
703	TRINITY_DN61518_c0_g1_i8	DOWN
704	TRINITY_DN61518_c0_g1_i10	DOWN
705	TRINITY_DN61585_c1_g1_i5	UP
706	TRINITY_DN19491_c0_g1_i3	UP
707	TRINITY_DN19401_c0_g1_i6	UP
708	TRINITY_DN19481_c0_g1_i1	UP
709	TRINITY_DN29244_c0_g1_i1	UP
710	TRINITY_DN12299_c0_g1_i4	DOWN
711	TRINITY_DN12299_c0_g1_i3	DOWN
712	TRINITY_DN53739_c0_g1_i2	UP
713	TRINITY_DN31315_c0_g1_i2	UP
714	TRINITY_DN31343_c0_g1_i1	UP
715	TRINITY_DN12866_c0_g1_i4	UP
716	TRINITY_DN12825_c0_g1_i7	UP
717	TRINITY_DN12820_c0_g1_i2	UP
718	TRINITY_DN12896_c0_g1_i4	UP
719	TRINITY_DN12896_c0_g1_i6	DOWN
720	TRINITY_DN12876_c0_g1_i7	UP
721	TRINITY_DN19018_c0_g1_i6	DOWN
722	TRINITY_DN19053_c0_g1_i4	UP
723	TRINITY_DN19099_c0_g1_i1	UP
724	TRINITY_DN14058_c0_g1_i5	UP
725	TRINITY_DN14035_c0_g1_i7	DOWN
726	TRINITY_DN14047_c0_g1_i2	UP
727	TRINITY_DN14017_c0_g1_i4	UP
728	TRINITY_DN11768_c0_g1_i2	UP
729	TRINITY_DN11738_c0_g1_i1	DOWN
730	TRINITY_DN11790_c0_g1_i1	UP
731	TRINITY_DN6344_c0_g1_i7	DOWN
732	TRINITY_DN6320_c0_g1_i6	DOWN
733	TRINITY_DN6308_c0_g1_i1	DOWN
734	TRINITY_DN6303_c0_g1_i16	UP
735	TRINITY_DN6303_c0_g1_i14	UP
736	TRINITY_DN6375_c0_g1_i1	DOWN
737	TRINITY_DN6383_c0_g1_i3	UP
738	TRINITY_DN6300_c0_g1_i3	DOWN
739	TRINITY_DN6310_c0_g1_i7	UP
740	TRINITY_DN6336_c0_g1_i6	DOWN
741	TRINITY_DN6395_c0_g1_i9	DOWN
742	TRINITY_DN2286_c0_g2_i2	UP
743	TRINITY_DN2256_c0_g1_i1	UP
744	TRINITY_DN2211_c0_g1_i3	UP
745	TRINITY_DN2297_c0_g1_i4	DOWN
746	TRINITY_DN2297_c0_g1_i5	DOWN
747	TRINITY_DN2263_c0_g1_i4	UP
748	TRINITY_DN2249_c0_g1_i5	UP
749	TRINITY_DN2258_c0_g1_i7	UP
750	TRINITY_DN2227_c0_g1_i3	UP
751	TRINITY_DN2206_c1_g1_i11	UP
752	TRINITY_DN2233_c0_g1_i9	UP
753	TRINITY_DN2267_c0_g1_i1	UP
754	TRINITY_DN2267_c0_g1_i2	UP
755	TRINITY_DN2244_c0_g1_i2	DOWN
756	TRINITY_DN2284_c0_g1_i2	UP
757	TRINITY_DN2219_c0_g1_i5	UP
758	TRINITY_DN2213_c0_g1_i4	UP
759	TRINITY_DN8608_c0_g1_i6	DOWN
760	TRINITY_DN8670_c0_g1_i2	UP
761	TRINITY_DN8698_c0_g1_i2	UP
762	TRINITY_DN8649_c0_g1_i6	UP
763	TRINITY_DN43506_c0_g1_i3	UP
764	TRINITY_DN9159_c0_g1_i6	DOWN
765	TRINITY_DN9152_c0_g1_i10	UP
766	TRINITY_DN12114_c0_g1_i14	UP
767	TRINITY_DN12199_c0_g1_i8	UP
768	TRINITY_DN12175_c0_g1_i6	UP
769	TRINITY_DN10818_c0_g1_i2	UP
770	TRINITY_DN13478_c0_g1_i5	DOWN
771	TRINITY_DN13462_c0_g1_i2	UP
772	TRINITY_DN7144_c0_g1_i1	UP
773	TRINITY_DN7179_c0_g1_i10	UP
774	TRINITY_DN7108_c0_g1_i1	UP
775	TRINITY_DN7171_c0_g1_i32	DOWN
776	TRINITY_DN7171_c0_g1_i14	DOWN
777	TRINITY_DN7162_c0_g1_i5	UP
778	TRINITY_DN7121_c0_g1_i7	DOWN
779	TRINITY_DN7128_c0_g1_i3	DOWN
780	TRINITY_DN7117_c0_g1_i9	UP
781	TRINITY_DN7136_c0_g1_i5	UP
782	TRINITY_DN7188_c0_g1_i3	UP
783	TRINITY_DN7181_c1_g1_i1	UP
784	TRINITY_DN7170_c0_g1_i1	UP
785	TRINITY_DN7175_c0_g1_i5	UP
786	TRINITY_DN7175_c0_g1_i10	UP
787	TRINITY_DN7163_c0_g1_i4	DOWN
788	TRINITY_DN7154_c0_g1_i16	UP
789	TRINITY_DN7166_c0_g1_i4	UP
790	TRINITY_DN7156_c0_g1_i11	DOWN
791	TRINITY_DN7102_c0_g1_i1	UP
792	TRINITY_DN7142_c0_g1_i12	UP
793	TRINITY_DN58904_c0_g1_i3	DOWN
794	TRINITY_DN5118_c0_g1_i6	UP
795	TRINITY_DN5118_c0_g1_i7	UP
796	TRINITY_DN5118_c0_g1_i9	UP
797	TRINITY_DN5142_c0_g1_i1	DOWN
798	TRINITY_DN5128_c0_g1_i18	DOWN
799	TRINITY_DN5177_c0_g2_i2	UP
800	TRINITY_DN5197_c0_g1_i2	DOWN
801	TRINITY_DN5155_c2_g1_i4	DOWN
802	TRINITY_DN5126_c0_g1_i3	DOWN
803	TRINITY_DN5168_c0_g1_i3	UP
804	TRINITY_DN5168_c0_g1_i12	UP
805	TRINITY_DN5193_c1_g1_i2	DOWN
806	TRINITY_DN5193_c0_g1_i1	UP
807	TRINITY_DN5145_c0_g1_i9	DOWN
808	TRINITY_DN5182_c0_g1_i1	UP
809	TRINITY_DN5103_c0_g1_i10	UP
810	TRINITY_DN5105_c0_g1_i8	DOWN
811	TRINITY_DN5337_c0_g1_i2	UP
812	TRINITY_DN5399_c0_g1_i11	UP
813	TRINITY_DN5379_c0_g1_i6	UP
814	TRINITY_DN5359_c0_g1_i3	UP
815	TRINITY_DN5334_c0_g1_i3	DOWN
816	TRINITY_DN5313_c0_g1_i11	UP
817	TRINITY_DN5318_c0_g1_i2	DOWN
818	TRINITY_DN5353_c0_g1_i4	UP
819	TRINITY_DN5338_c0_g1_i7	UP
820	TRINITY_DN5389_c0_g1_i4	UP
821	TRINITY_DN5389_c0_g1_i8	UP
822	TRINITY_DN5311_c0_g1_i2	UP
823	TRINITY_DN17760_c0_g1_i1	UP
824	TRINITY_DN15938_c0_g1_i5	DOWN
825	TRINITY_DN15982_c0_g1_i1	UP
826	TRINITY_DN82431_c0_g1_i1	DOWN
827	TRINITY_DN39286_c0_g1_i10	DOWN
828	TRINITY_DN14507_c0_g1_i6	UP
829	TRINITY_DN14508_c0_g1_i1	UP
830	TRINITY_DN14592_c0_g1_i5	UP
831	TRINITY_DN13327_c0_g1_i4	UP
832	TRINITY_DN13327_c0_g1_i5	UP
833	TRINITY_DN13320_c0_g1_i4	UP
834	TRINITY_DN13398_c0_g1_i1	UP
835	TRINITY_DN13389_c0_g1_i4	DOWN
836	TRINITY_DN13389_c0_g1_i1	DOWN
837	TRINITY_DN13353_c0_g1_i2	UP
838	TRINITY_DN10779_c0_g1_i11	UP
839	TRINITY_DN23893_c0_g1_i1	DOWN
840	TRINITY_DN27560_c0_g1_i9	DOWN
841	TRINITY_DN6175_c0_g1_i7	UP
842	TRINITY_DN6120_c0_g1_i4	UP
843	TRINITY_DN6188_c0_g2_i5	DOWN
844	TRINITY_DN6104_c0_g1_i8	UP
845	TRINITY_DN6145_c0_g1_i2	UP
846	TRINITY_DN6106_c0_g1_i1	UP
847	TRINITY_DN6195_c0_g1_i7	UP
848	TRINITY_DN6195_c0_g1_i8	DOWN
849	TRINITY_DN6130_c0_g1_i10	UP
850	TRINITY_DN6158_c0_g1_i5	UP
851	TRINITY_DN6115_c0_g1_i2	UP
852	TRINITY_DN6196_c0_g1_i5	UP
853	TRINITY_DN6196_c0_g1_i1	UP
854	TRINITY_DN6169_c0_g1_i3	DOWN
855	TRINITY_DN42125_c0_g2_i1	UP
856	TRINITY_DN49286_c0_g1_i2	DOWN
857	TRINITY_DN5402_c0_g1_i1	UP
858	TRINITY_DN5407_c0_g1_i9	DOWN
859	TRINITY_DN5487_c0_g1_i4	DOWN
860	TRINITY_DN5478_c0_g1_i8	DOWN
861	TRINITY_DN5436_c0_g1_i3	UP
862	TRINITY_DN5482_c0_g1_i7	DOWN
863	TRINITY_DN5482_c0_g1_i10	DOWN
864	TRINITY_DN5431_c0_g1_i5	DOWN
865	TRINITY_DN5415_c0_g1_i8	UP
866	TRINITY_DN5417_c0_g1_i4	UP
867	TRINITY_DN5426_c0_g1_i2	UP
868	TRINITY_DN5457_c0_g1_i5	DOWN
869	TRINITY_DN5408_c0_g1_i3	DOWN
870	TRINITY_DN22041_c0_g1_i6	UP
871	TRINITY_DN56229_c0_g1_i1	DOWN
872	TRINITY_DN24489_c0_g1_i5	UP
873	TRINITY_DN15224_c0_g1_i2	DOWN
874	TRINITY_DN15284_c0_g1_i8	DOWN
875	TRINITY_DN16161_c0_g1_i3	UP
876	TRINITY_DN16172_c0_g1_i9	DOWN
877	TRINITY_DN20719_c1_g1_i1	UP
878	TRINITY_DN20785_c0_g1_i3	UP
879	TRINITY_DN53578_c0_g1_i4	DOWN
880	TRINITY_DN30788_c0_g1_i8	DOWN
881	TRINITY_DN30785_c1_g1_i4	DOWN
882	TRINITY_DN3281_c0_g1_i7	UP
883	TRINITY_DN3205_c0_g1_i6	UP
884	TRINITY_DN3255_c0_g1_i10	UP
885	TRINITY_DN3243_c0_g1_i1	DOWN
886	TRINITY_DN3240_c0_g1_i12	DOWN
887	TRINITY_DN3240_c0_g1_i10	DOWN
888	TRINITY_DN3240_c0_g1_i11	DOWN
889	TRINITY_DN3275_c0_g1_i1	UP
890	TRINITY_DN3204_c0_g1_i1	UP
891	TRINITY_DN3204_c0_g1_i13	UP
892	TRINITY_DN3274_c0_g1_i13	UP
893	TRINITY_DN3237_c0_g1_i2	UP
894	TRINITY_DN3229_c0_g1_i7	UP
895	TRINITY_DN3229_c0_g1_i11	UP
896	TRINITY_DN3261_c0_g1_i4	DOWN
897	TRINITY_DN3230_c0_g1_i8	UP
898	TRINITY_DN3224_c0_g1_i5	DOWN
899	TRINITY_DN3224_c0_g1_i13	UP
900	TRINITY_DN26770_c0_g1_i4	UP
901	TRINITY_DN26769_c0_g1_i1	DOWN
902	TRINITY_DN41219_c0_g1_i5	UP
903	TRINITY_DN6009_c0_g1_i5	DOWN
904	TRINITY_DN6075_c0_g1_i3	DOWN
905	TRINITY_DN6075_c0_g1_i11	DOWN
906	TRINITY_DN6076_c1_g1_i1	DOWN
907	TRINITY_DN6028_c0_g1_i8	UP
908	TRINITY_DN6028_c0_g1_i11	UP
909	TRINITY_DN6057_c0_g1_i4	UP
910	TRINITY_DN6090_c0_g1_i3	UP
911	TRINITY_DN6093_c0_g1_i5	UP
912	TRINITY_DN6067_c0_g1_i1	DOWN
913	TRINITY_DN6067_c0_g1_i8	DOWN
914	TRINITY_DN6011_c0_g1_i2	DOWN
915	TRINITY_DN6007_c0_g1_i6	DOWN
916	TRINITY_DN6096_c0_g2_i11	UP
917	TRINITY_DN6022_c0_g1_i3	DOWN
918	TRINITY_DN6034_c0_g1_i6	UP
919	TRINITY_DN6550_c0_g1_i6	UP
920	TRINITY_DN6550_c0_g1_i1	DOWN
921	TRINITY_DN6597_c0_g1_i3	DOWN
922	TRINITY_DN6557_c0_g1_i4	DOWN
923	TRINITY_DN6557_c0_g1_i5	DOWN
924	TRINITY_DN6557_c0_g1_i11	DOWN
925	TRINITY_DN6579_c0_g1_i2	DOWN
926	TRINITY_DN6517_c0_g1_i11	DOWN
927	TRINITY_DN6586_c0_g1_i1	DOWN
928	TRINITY_DN6500_c0_g1_i5	DOWN
929	TRINITY_DN6509_c0_g1_i4	DOWN
930	TRINITY_DN6564_c1_g1_i1	UP
931	TRINITY_DN6570_c0_g1_i8	UP
932	TRINITY_DN6573_c0_g1_i7	DOWN
933	TRINITY_DN6573_c0_g1_i1	DOWN
934	TRINITY_DN20996_c0_g1_i5	DOWN
935	TRINITY_DN20945_c0_g1_i1	UP
936	TRINITY_DN111_c0_g1_i17	DOWN
937	TRINITY_DN175_c0_g1_i9	UP
938	TRINITY_DN103_c0_g1_i8	DOWN
939	TRINITY_DN103_c0_g1_i13	DOWN
940	TRINITY_DN190_c0_g1_i1	UP
941	TRINITY_DN176_c0_g1_i5	UP
942	TRINITY_DN183_c0_g1_i7	DOWN
943	TRINITY_DN183_c0_g1_i10	DOWN
944	TRINITY_DN168_c0_g1_i14	UP
945	TRINITY_DN167_c0_g1_i4	UP
946	TRINITY_DN171_c0_g1_i7	DOWN
947	TRINITY_DN196_c0_g1_i7	UP
948	TRINITY_DN150_c0_g1_i8	UP
949	TRINITY_DN104_c0_g1_i5	DOWN
950	TRINITY_DN104_c0_g1_i2	UP
951	TRINITY_DN114_c0_g1_i10	DOWN
952	TRINITY_DN145_c0_g1_i2	DOWN
953	TRINITY_DN106_c0_g1_i1	DOWN
954	TRINITY_DN155_c0_g1_i5	UP
955	TRINITY_DN155_c0_g1_i1	UP
956	TRINITY_DN134_c0_g1_i4	DOWN
957	TRINITY_DN134_c0_g1_i2	DOWN
958	TRINITY_DN131_c0_g1_i4	UP
959	TRINITY_DN131_c0_g1_i6	UP
960	TRINITY_DN132_c0_g1_i3	UP
961	TRINITY_DN71260_c0_g1_i3	DOWN
962	TRINITY_DN900_c0_g1_i5	UP
963	TRINITY_DN939_c0_g1_i5	UP
964	TRINITY_DN991_c0_g1_i3	DOWN
965	TRINITY_DN955_c0_g1_i4	UP
966	TRINITY_DN977_c0_g1_i8	UP
967	TRINITY_DN963_c0_g1_i10	DOWN
968	TRINITY_DN996_c0_g1_i4	UP
969	TRINITY_DN946_c0_g1_i6	UP
970	TRINITY_DN965_c0_g1_i5	UP
971	TRINITY_DN965_c0_g1_i6	DOWN
972	TRINITY_DN965_c0_g1_i1	UP
973	TRINITY_DN912_c0_g1_i5	DOWN
974	TRINITY_DN912_c0_g1_i2	DOWN
975	TRINITY_DN947_c0_g1_i6	DOWN
976	TRINITY_DN964_c0_g1_i3	UP
977	TRINITY_DN964_c0_g1_i9	UP
978	TRINITY_DN952_c0_g1_i14	UP
979	TRINITY_DN952_c0_g1_i15	DOWN
980	TRINITY_DN957_c0_g1_i11	UP
981	TRINITY_DN971_c0_g1_i4	UP
982	TRINITY_DN914_c0_g1_i2	DOWN
983	TRINITY_DN914_c0_g1_i13	DOWN
984	TRINITY_DN907_c0_g1_i1	UP
985	TRINITY_DN959_c1_g1_i9	DOWN
986	TRINITY_DN27915_c0_g1_i3	UP
987	TRINITY_DN27927_c0_g1_i3	UP
988	TRINITY_DN33521_c1_g1_i1	DOWN
989	TRINITY_DN5264_c0_g1_i4	UP
990	TRINITY_DN5264_c0_g1_i2	UP
991	TRINITY_DN5264_c0_g1_i9	UP
992	TRINITY_DN5264_c0_g1_i13	UP
993	TRINITY_DN5228_c0_g1_i7	DOWN
994	TRINITY_DN5238_c0_g1_i1	UP
995	TRINITY_DN5291_c0_g1_i2	DOWN
996	TRINITY_DN5289_c0_g1_i7	UP
997	TRINITY_DN5289_c0_g1_i8	UP
998	TRINITY_DN5289_c0_g1_i9	UP
999	TRINITY_DN5225_c0_g1_i4	DOWN
1000	TRINITY_DN5254_c0_g1_i8	UP
1001	TRINITY_DN5243_c0_g1_i2	UP
1002	TRINITY_DN5205_c0_g1_i3	DOWN
1003	TRINITY_DN5205_c0_g1_i12	DOWN
1004	TRINITY_DN5226_c0_g1_i6	DOWN
1005	TRINITY_DN5207_c0_g1_i4	DOWN
1006	TRINITY_DN5265_c0_g1_i1	UP
1007	TRINITY_DN5296_c0_g1_i7	DOWN
1008	TRINITY_DN5296_c0_g1_i11	DOWN
1009	TRINITY_DN5209_c0_g1_i1	DOWN
1010	TRINITY_DN5229_c0_g1_i1	DOWN
1011	TRINITY_DN14386_c0_g1_i5	DOWN
1012	TRINITY_DN14312_c0_g1_i3	UP
1013	TRINITY_DN14372_c0_g1_i1	DOWN
1014	TRINITY_DN14337_c0_g1_i5	UP
1015	TRINITY_DN14337_c0_g1_i1	UP
1016	TRINITY_DN14370_c0_g1_i5	UP
1017	TRINITY_DN59609_c0_g1_i4	UP
1018	TRINITY_DN1760_c0_g1_i9	UP
1019	TRINITY_DN1728_c0_g1_i5	DOWN
1020	TRINITY_DN1798_c0_g1_i5	UP
1021	TRINITY_DN1794_c0_g1_i5	UP
1022	TRINITY_DN1794_c0_g1_i8	UP
1023	TRINITY_DN1797_c0_g1_i3	DOWN
1024	TRINITY_DN1730_c0_g1_i3	UP
1025	TRINITY_DN1777_c0_g1_i8	DOWN
1026	TRINITY_DN1712_c0_g1_i4	UP
1027	TRINITY_DN1712_c0_g1_i3	UP
1028	TRINITY_DN1789_c0_g1_i6	DOWN
1029	TRINITY_DN1789_c0_g1_i12	DOWN
1030	TRINITY_DN1704_c0_g1_i6	DOWN
1031	TRINITY_DN1704_c0_g1_i11	UP
1032	TRINITY_DN1701_c0_g1_i7	DOWN
1033	TRINITY_DN1702_c0_g1_i3	UP
1034	TRINITY_DN1702_c0_g1_i10	DOWN
1035	TRINITY_DN1785_c0_g1_i14	DOWN
1036	TRINITY_DN1718_c0_g1_i6	UP
1037	TRINITY_DN1734_c0_g1_i4	DOWN
1038	TRINITY_DN1734_c0_g1_i6	DOWN
1039	TRINITY_DN1734_c0_g1_i7	UP
1040	TRINITY_DN1705_c0_g1_i3	UP
1041	TRINITY_DN1705_c0_g1_i18	DOWN
1042	TRINITY_DN1740_c0_g1_i8	DOWN
1043	TRINITY_DN1799_c0_g1_i11	UP
1044	TRINITY_DN51432_c0_g1_i6	DOWN
1045	TRINITY_DN14861_c0_g1_i2	UP
1046	TRINITY_DN14813_c0_g1_i4	UP
1047	TRINITY_DN14829_c0_g1_i3	DOWN
1048	TRINITY_DN20236_c0_g1_i10	UP
1049	TRINITY_DN20284_c0_g1_i8	DOWN
1050	TRINITY_DN20284_c0_g1_i9	DOWN
1051	TRINITY_DN20275_c0_g1_i4	DOWN
1052	TRINITY_DN25401_c0_g1_i1	UP
1053	TRINITY_DN16992_c1_g1_i5	DOWN
1054	TRINITY_DN16902_c1_g1_i2	DOWN
1055	TRINITY_DN16902_c0_g1_i1	DOWN
1056	TRINITY_DN13712_c0_g1_i5	UP
1057	TRINITY_DN13712_c0_g1_i6	DOWN
1058	TRINITY_DN13712_c0_g1_i13	UP
1059	TRINITY_DN13787_c0_g2_i1	DOWN
1060	TRINITY_DN17590_c0_g1_i4	DOWN
1061	TRINITY_DN17503_c0_g1_i7	UP
1062	TRINITY_DN17503_c0_g1_i2	UP
1063	TRINITY_DN35792_c0_g1_i1	UP
1064	TRINITY_DN17327_c0_g1_i7	UP
1065	TRINITY_DN34944_c0_g1_i1	UP
1066	TRINITY_DN7846_c0_g1_i1	UP
1067	TRINITY_DN7875_c0_g1_i5	UP
1068	TRINITY_DN7844_c0_g1_i8	UP
1069	TRINITY_DN7896_c0_g1_i1	DOWN
1070	TRINITY_DN7858_c0_g1_i6	UP
1071	TRINITY_DN7892_c0_g1_i1	UP
1072	TRINITY_DN7836_c0_g1_i4	UP
1073	TRINITY_DN7836_c0_g1_i12	UP
1074	TRINITY_DN7883_c0_g1_i1	UP
1075	TRINITY_DN7831_c0_g1_i4	DOWN
1076	TRINITY_DN7881_c1_g1_i2	DOWN
1077	TRINITY_DN1101_c0_g1_i10	UP
1078	TRINITY_DN1123_c0_g1_i1	DOWN
1079	TRINITY_DN1117_c1_g1_i6	UP
1080	TRINITY_DN1117_c1_g1_i1	DOWN
1081	TRINITY_DN1168_c0_g1_i3	UP
1082	TRINITY_DN1178_c0_g1_i9	UP
1083	TRINITY_DN1148_c0_g1_i6	DOWN
1084	TRINITY_DN1148_c0_g1_i7	UP
1085	TRINITY_DN1171_c0_g1_i1	DOWN
1086	TRINITY_DN1190_c0_g1_i6	DOWN
1087	TRINITY_DN1190_c0_g1_i2	DOWN
1088	TRINITY_DN1174_c0_g1_i5	DOWN
1089	TRINITY_DN1153_c0_g1_i8	UP
1090	TRINITY_DN1181_c0_g1_i1	UP
1091	TRINITY_DN1181_c0_g1_i10	UP
1092	TRINITY_DN1131_c0_g1_i2	UP
1093	TRINITY_DN1137_c0_g1_i3	DOWN
1094	TRINITY_DN1183_c0_g1_i2	UP
1095	TRINITY_DN1173_c0_g1_i6	DOWN
1096	TRINITY_DN1103_c0_g1_i4	UP
1097	TRINITY_DN42339_c0_g1_i2	UP
1098	TRINITY_DN17810_c0_g1_i4	UP
1099	TRINITY_DN17807_c0_g1_i5	UP
1100	TRINITY_DN17807_c0_g1_i2	UP
1101	TRINITY_DN17818_c0_g1_i2	DOWN
1102	TRINITY_DN17835_c0_g1_i4	DOWN
1103	TRINITY_DN17896_c0_g1_i1	UP
1104	TRINITY_DN2391_c0_g1_i1	UP
1105	TRINITY_DN2371_c0_g1_i4	UP
1106	TRINITY_DN2375_c0_g1_i6	UP
1107	TRINITY_DN2375_c0_g1_i1	UP
1108	TRINITY_DN2375_c0_g1_i2	UP
1109	TRINITY_DN2366_c1_g1_i1	UP
1110	TRINITY_DN2380_c0_g1_i1	DOWN
1111	TRINITY_DN2358_c0_g1_i9	UP
1112	TRINITY_DN2300_c1_g1_i9	DOWN
1113	TRINITY_DN2300_c0_g1_i6	UP
1114	TRINITY_DN2302_c0_g1_i4	DOWN
1115	TRINITY_DN2302_c0_g1_i3	DOWN
1116	TRINITY_DN2302_c0_g1_i12	DOWN
1117	TRINITY_DN2302_c0_g1_i13	DOWN
1118	TRINITY_DN2301_c0_g1_i5	UP
1119	TRINITY_DN2305_c0_g2_i3	UP
1120	TRINITY_DN2303_c0_g1_i1	UP
1121	TRINITY_DN2370_c0_g2_i3	UP
1122	TRINITY_DN2374_c0_g1_i4	DOWN
1123	TRINITY_DN2398_c0_g1_i2	DOWN
1124	TRINITY_DN2344_c0_g1_i5	DOWN
1125	TRINITY_DN2308_c0_g1_i7	UP
1126	TRINITY_DN2395_c0_g1_i1	UP
1127	TRINITY_DN2310_c0_g1_i1	DOWN
1128	TRINITY_DN45175_c0_g1_i6	UP
1129	TRINITY_DN10364_c0_g1_i5	UP
1130	TRINITY_DN10352_c0_g1_i1	DOWN
1131	TRINITY_DN10352_c0_g1_i11	DOWN
1132	TRINITY_DN10383_c0_g1_i9	DOWN
1133	TRINITY_DN10372_c0_g1_i4	UP
1134	TRINITY_DN11574_c0_g1_i6	UP
1135	TRINITY_DN11580_c0_g1_i9	DOWN
1136	TRINITY_DN11504_c0_g1_i4	UP
1137	TRINITY_DN11811_c0_g1_i12	DOWN
1138	TRINITY_DN11840_c0_g1_i7	UP
1139	TRINITY_DN11839_c0_g1_i4	DOWN
1140	TRINITY_DN11839_c0_g1_i5	DOWN
1141	TRINITY_DN11839_c0_g1_i1	DOWN
1142	TRINITY_DN11815_c0_g1_i5	DOWN
1143	TRINITY_DN11815_c0_g1_i9	UP
1144	TRINITY_DN11851_c1_g2_i8	DOWN
1145	TRINITY_DN11851_c1_g2_i2	DOWN
1146	TRINITY_DN11837_c0_g1_i6	UP
1147	TRINITY_DN11890_c0_g1_i6	UP
1148	TRINITY_DN11890_c0_g1_i1	DOWN
1149	TRINITY_DN11818_c0_g1_i3	UP
1150	TRINITY_DN11898_c0_g3_i1	UP
1151	TRINITY_DN25253_c0_g1_i7	UP
1152	TRINITY_DN15333_c0_g1_i4	DOWN
1153	TRINITY_DN14988_c0_g1_i5	UP
1154	TRINITY_DN14932_c0_g1_i9	UP
1155	TRINITY_DN14910_c0_g1_i9	DOWN
1156	TRINITY_DN14969_c0_g1_i1	UP
1157	TRINITY_DN14931_c0_g1_i3	DOWN
1158	TRINITY_DN32519_c0_g1_i1	DOWN
1159	TRINITY_DN551_c0_g1_i8	UP
1160	TRINITY_DN551_c0_g1_i9	DOWN
1161	TRINITY_DN551_c0_g2_i7	UP
1162	TRINITY_DN578_c0_g1_i3	UP
1163	TRINITY_DN526_c0_g1_i5	DOWN
1164	TRINITY_DN589_c0_g1_i8	DOWN
1165	TRINITY_DN542_c0_g1_i4	UP
1166	TRINITY_DN573_c0_g1_i10	UP
1167	TRINITY_DN521_c0_g1_i1	UP
1168	TRINITY_DN517_c0_g1_i8	UP
1169	TRINITY_DN531_c0_g1_i4	DOWN
1170	TRINITY_DN531_c0_g1_i7	DOWN
1171	TRINITY_DN531_c0_g1_i2	UP
1172	TRINITY_DN537_c0_g1_i7	DOWN
1173	TRINITY_DN556_c0_g1_i10	UP
1174	TRINITY_DN543_c0_g1_i3	DOWN
1175	TRINITY_DN541_c0_g1_i1	DOWN
1176	TRINITY_DN539_c0_g1_i6	UP
1177	TRINITY_DN566_c0_g1_i10	DOWN
1178	TRINITY_DN545_c0_g1_i20	UP
1179	TRINITY_DN545_c0_g1_i12	UP
1180	TRINITY_DN545_c0_g1_i13	UP
1181	TRINITY_DN594_c0_g1_i7	DOWN
1182	TRINITY_DN5886_c0_g1_i6	DOWN
1183	TRINITY_DN5821_c0_g1_i7	UP
1184	TRINITY_DN5839_c0_g2_i4	UP
1185	TRINITY_DN5842_c0_g1_i2	UP
1186	TRINITY_DN5820_c0_g2_i7	DOWN
1187	TRINITY_DN5835_c0_g1_i2	DOWN
1188	TRINITY_DN5826_c0_g1_i5	UP
1189	TRINITY_DN5826_c0_g1_i10	UP
1190	TRINITY_DN5826_c0_g1_i11	UP
1191	TRINITY_DN5878_c0_g1_i9	DOWN
1192	TRINITY_DN5895_c0_g1_i4	DOWN
1193	TRINITY_DN5873_c0_g1_i2	UP
1194	TRINITY_DN5832_c0_g1_i5	UP
1195	TRINITY_DN5818_c1_g1_i1	UP
1196	TRINITY_DN5818_c0_g1_i4	UP
1197	TRINITY_DN5818_c0_g1_i7	UP
1198	TRINITY_DN5818_c0_g1_i10	UP
1199	TRINITY_DN2067_c0_g1_i3	DOWN
1200	TRINITY_DN2067_c0_g1_i10	DOWN
1201	TRINITY_DN2060_c0_g1_i1	UP
1202	TRINITY_DN2060_c0_g1_i12	UP
1203	TRINITY_DN2037_c0_g1_i9	DOWN
1204	TRINITY_DN2037_c0_g1_i11	UP
1205	TRINITY_DN2072_c0_g1_i9	UP
1206	TRINITY_DN2081_c0_g1_i2	DOWN
1207	TRINITY_DN2088_c0_g1_i4	DOWN
1208	TRINITY_DN2088_c0_g1_i6	DOWN
1209	TRINITY_DN2088_c0_g1_i1	DOWN
1210	TRINITY_DN2088_c0_g1_i3	DOWN
1211	TRINITY_DN2077_c0_g1_i9	DOWN
1212	TRINITY_DN2098_c0_g1_i9	DOWN
1213	TRINITY_DN2090_c0_g1_i7	DOWN
1214	TRINITY_DN2041_c0_g1_i2	UP
1215	TRINITY_DN2041_c0_g1_i10	UP
1216	TRINITY_DN2019_c0_g1_i5	UP
1217	TRINITY_DN2019_c0_g1_i15	UP
1218	TRINITY_DN2019_c0_g1_i11	UP
1219	TRINITY_DN2031_c0_g1_i2	UP
1220	TRINITY_DN2043_c0_g1_i7	DOWN
1221	TRINITY_DN2034_c0_g1_i3	UP
1222	TRINITY_DN2068_c0_g1_i7	UP
1223	TRINITY_DN2010_c0_g1_i6	DOWN
1224	TRINITY_DN2010_c0_g1_i3	DOWN
1225	TRINITY_DN70_c0_g1_i3	DOWN
1226	TRINITY_DN43_c0_g1_i4	DOWN
1227	TRINITY_DN83_c0_g1_i5	DOWN
1228	TRINITY_DN93_c0_g1_i4	DOWN
1229	TRINITY_DN68_c0_g1_i1	DOWN
1230	TRINITY_DN73_c0_g1_i4	UP
1231	TRINITY_DN0_c0_g1_i13	DOWN
1232	TRINITY_DN89_c0_g1_i3	DOWN
1233	TRINITY_DN89_c0_g1_i8	DOWN
1234	TRINITY_DN37_c0_g1_i4	UP
1235	TRINITY_DN37_c0_g1_i7	UP
1236	TRINITY_DN37_c0_g1_i13	UP
1237	TRINITY_DN17_c0_g1_i10	UP
1238	TRINITY_DN5_c0_g1_i11	UP
1239	TRINITY_DN57_c0_g1_i9	DOWN
1240	TRINITY_DN11_c1_g1_i7	UP
1241	TRINITY_DN80_c0_g1_i11	UP
1242	TRINITY_DN99_c0_g1_i1	UP
1243	TRINITY_DN76_c0_g1_i1	UP
1244	TRINITY_DN46_c0_g1_i1	UP
1245	TRINITY_DN86_c0_g1_i4	DOWN
1246	TRINITY_DN86_c0_g1_i6	DOWN
1247	TRINITY_DN31_c0_g1_i13	UP
1248	TRINITY_DN4_c0_g1_i3	UP
1249	TRINITY_DN34_c0_g1_i5	DOWN
1250	TRINITY_DN34_c0_g1_i7	DOWN
1251	TRINITY_DN34_c0_g1_i1	DOWN
1252	TRINITY_DN98_c0_g1_i1	UP
1253	TRINITY_DN98_c0_g1_i14	DOWN
1254	TRINITY_DN38_c0_g1_i5	UP
1255	TRINITY_DN38_c0_g1_i7	UP
1256	TRINITY_DN11141_c0_g1_i2	DOWN
1257	TRINITY_DN11190_c0_g1_i6	DOWN
1258	TRINITY_DN11179_c0_g1_i4	UP
1259	TRINITY_DN11135_c0_g1_i2	UP
1260	TRINITY_DN11136_c0_g1_i1	UP
1261	TRINITY_DN11155_c0_g1_i11	UP
1262	TRINITY_DN11125_c0_g1_i2	UP
1263	TRINITY_DN11125_c0_g1_i3	UP
1264	TRINITY_DN36168_c0_g1_i1	DOWN
1265	TRINITY_DN36137_c0_g1_i7	UP
1266	TRINITY_DN40234_c0_g1_i3	DOWN
1267	TRINITY_DN25633_c0_g1_i3	UP
1268	TRINITY_DN13022_c0_g1_i1	UP
1269	TRINITY_DN13043_c0_g1_i5	UP
1270	TRINITY_DN13036_c0_g1_i2	UP
1271	TRINITY_DN13076_c0_g1_i7	DOWN
1272	TRINITY_DN13035_c0_g1_i4	UP
1273	TRINITY_DN53204_c0_g1_i1	UP
1274	TRINITY_DN9855_c0_g2_i1	UP
1275	TRINITY_DN9857_c0_g1_i3	DOWN
1276	TRINITY_DN9889_c0_g1_i3	DOWN
1277	TRINITY_DN9896_c0_g1_i3	UP
1278	TRINITY_DN9896_c0_g1_i8	UP
1279	TRINITY_DN9880_c0_g1_i4	UP
1280	TRINITY_DN9852_c0_g1_i2	UP
1281	TRINITY_DN9881_c0_g1_i4	UP
1282	TRINITY_DN9881_c0_g1_i3	UP
1283	TRINITY_DN9839_c0_g1_i15	DOWN
1284	TRINITY_DN26148_c0_g1_i2	UP
1285	TRINITY_DN4415_c0_g1_i5	UP
1286	TRINITY_DN4415_c0_g1_i2	UP
1287	TRINITY_DN4455_c0_g1_i8	DOWN
1288	TRINITY_DN4424_c0_g2_i3	UP
1289	TRINITY_DN4488_c0_g1_i2	DOWN
1290	TRINITY_DN4451_c0_g1_i7	DOWN
1291	TRINITY_DN4451_c0_g1_i8	DOWN
1292	TRINITY_DN4410_c0_g1_i8	DOWN
1293	TRINITY_DN4499_c0_g1_i2	UP
1294	TRINITY_DN4472_c0_g1_i2	UP
1295	TRINITY_DN4440_c0_g1_i17	UP
1296	TRINITY_DN4468_c0_g1_i2	UP
1297	TRINITY_DN4646_c0_g1_i2	DOWN
1298	TRINITY_DN4646_c0_g1_i12	UP
1299	TRINITY_DN4646_c0_g1_i11	DOWN
1300	TRINITY_DN4637_c0_g2_i3	UP
1301	TRINITY_DN4617_c0_g1_i1	UP
1302	TRINITY_DN4614_c0_g1_i5	UP
1303	TRINITY_DN4685_c0_g1_i4	DOWN
1304	TRINITY_DN4621_c0_g1_i5	UP
1305	TRINITY_DN4620_c0_g1_i6	UP
1306	TRINITY_DN4603_c0_g1_i1	DOWN
1307	TRINITY_DN4638_c0_g1_i4	UP
1308	TRINITY_DN4607_c0_g1_i10	UP
1309	TRINITY_DN4691_c0_g1_i2	DOWN
1310	TRINITY_DN4687_c1_g1_i2	UP
1311	TRINITY_DN4687_c0_g1_i6	UP
1312	TRINITY_DN4687_c0_g1_i12	UP
1313	TRINITY_DN4669_c0_g1_i4	DOWN
1314	TRINITY_DN4625_c0_g1_i8	UP
1315	TRINITY_DN4670_c0_g1_i5	UP
1316	TRINITY_DN4670_c0_g1_i6	DOWN
1317	TRINITY_DN4670_c0_g1_i7	UP
1318	TRINITY_DN4670_c0_g1_i9	UP
1319	TRINITY_DN4616_c0_g1_i5	DOWN
1320	TRINITY_DN23945_c0_g1_i2	UP
1321	TRINITY_DN23945_c0_g1_i9	UP
1322	TRINITY_DN23945_c0_g1_i15	UP
1323	TRINITY_DN20841_c0_g1_i1	DOWN
1324	TRINITY_DN20832_c0_g1_i6	UP
1325	TRINITY_DN20832_c0_g1_i1	UP
1326	TRINITY_DN20820_c0_g1_i14	UP
1327	TRINITY_DN20820_c0_g1_i10	DOWN
1328	TRINITY_DN20820_c0_g2_i1	DOWN
1329	TRINITY_DN8375_c0_g1_i4	UP
1330	TRINITY_DN8375_c0_g1_i5	UP
1331	TRINITY_DN8306_c0_g1_i2	UP
1332	TRINITY_DN8385_c0_g1_i2	UP
1333	TRINITY_DN8368_c0_g1_i9	UP
1334	TRINITY_DN8388_c0_g1_i1	UP
1335	TRINITY_DN8350_c0_g1_i2	UP
1336	TRINITY_DN8347_c0_g1_i16	UP
1337	TRINITY_DN8347_c0_g1_i15	UP
1338	TRINITY_DN8351_c0_g1_i6	DOWN
1339	TRINITY_DN8351_c0_g1_i1	DOWN
1340	TRINITY_DN8351_c0_g1_i2	DOWN
1341	TRINITY_DN8303_c0_g1_i10	UP
1342	TRINITY_DN65097_c0_g1_i1	DOWN
1343	TRINITY_DN12740_c0_g1_i2	UP
1344	TRINITY_DN12719_c1_g1_i2	UP
1345	TRINITY_DN12738_c0_g1_i1	DOWN
1346	TRINITY_DN12745_c0_g1_i5	UP
1347	TRINITY_DN12725_c0_g1_i4	DOWN
1348	TRINITY_DN2160_c0_g1_i4	DOWN
1349	TRINITY_DN2160_c0_g1_i6	DOWN
1350	TRINITY_DN2193_c0_g1_i4	DOWN
1351	TRINITY_DN2193_c0_g1_i6	DOWN
1352	TRINITY_DN2130_c0_g1_i13	DOWN
1353	TRINITY_DN2181_c0_g1_i4	UP
1354	TRINITY_DN2159_c0_g1_i2	UP
1355	TRINITY_DN2187_c0_g1_i4	UP
1356	TRINITY_DN2132_c0_g1_i4	UP
1357	TRINITY_DN2132_c0_g1_i3	UP
1358	TRINITY_DN2158_c0_g1_i5	UP
1359	TRINITY_DN2196_c0_g1_i6	DOWN
1360	TRINITY_DN2196_c0_g1_i3	DOWN
1361	TRINITY_DN2103_c0_g2_i8	DOWN
1362	TRINITY_DN62242_c0_g1_i5	UP
1363	TRINITY_DN57869_c0_g1_i3	UP
1364	TRINITY_DN57844_c1_g1_i1	DOWN
1365	TRINITY_DN47573_c0_g1_i5	UP
1366	TRINITY_DN16551_c0_g1_i5	UP
1367	TRINITY_DN16517_c0_g1_i10	DOWN
1368	TRINITY_DN16533_c0_g1_i3	UP
1369	TRINITY_DN16548_c0_g1_i13	UP
1370	TRINITY_DN16543_c0_g1_i11	DOWN
1371	TRINITY_DN31448_c0_g1_i3	UP
1372	TRINITY_DN31418_c0_g1_i5	UP
1373	TRINITY_DN50654_c0_g1_i9	UP
1374	TRINITY_DN18886_c0_g1_i3	DOWN
1375	TRINITY_DN8715_c0_g1_i6	DOWN
1376	TRINITY_DN8725_c0_g1_i3	DOWN
1377	TRINITY_DN8736_c0_g1_i4	DOWN
1378	TRINITY_DN8727_c0_g1_i8	DOWN
1379	TRINITY_DN8790_c0_g1_i6	DOWN
1380	TRINITY_DN8794_c0_g1_i9	UP
1381	TRINITY_DN7306_c0_g1_i1	DOWN
1382	TRINITY_DN7388_c0_g1_i4	DOWN
1383	TRINITY_DN7329_c0_g1_i5	UP
1384	TRINITY_DN7329_c0_g1_i2	UP
1385	TRINITY_DN7329_c0_g1_i3	DOWN
1386	TRINITY_DN7376_c0_g1_i5	DOWN
1387	TRINITY_DN7357_c0_g2_i2	DOWN
1388	TRINITY_DN7308_c0_g1_i6	UP
1389	TRINITY_DN7344_c0_g1_i2	UP
1390	TRINITY_DN7368_c0_g1_i3	DOWN
1391	TRINITY_DN7305_c0_g1_i17	UP
1392	TRINITY_DN3970_c0_g2_i2	DOWN
1393	TRINITY_DN3923_c0_g1_i2	UP
1394	TRINITY_DN3948_c0_g1_i8	UP
1395	TRINITY_DN3928_c0_g1_i2	UP
1396	TRINITY_DN3931_c0_g1_i3	UP
1397	TRINITY_DN3980_c0_g1_i4	UP
1398	TRINITY_DN3907_c0_g1_i2	DOWN
1399	TRINITY_DN3940_c0_g1_i9	UP
1400	TRINITY_DN3954_c0_g1_i1	UP
1401	TRINITY_DN3954_c0_g1_i14	UP
1402	TRINITY_DN3946_c0_g1_i8	DOWN
1403	TRINITY_DN3933_c0_g1_i5	DOWN
1404	TRINITY_DN3996_c0_g1_i2	UP
1405	TRINITY_DN3902_c0_g1_i2	UP
1406	TRINITY_DN3983_c0_g1_i5	UP
1407	TRINITY_DN3967_c0_g1_i14	UP
1408	TRINITY_DN3919_c0_g1_i2	UP
1409	TRINITY_DN3971_c0_g1_i1	UP
1410	TRINITY_DN3942_c0_g1_i10	UP
1411	TRINITY_DN3988_c0_g2_i4	UP
1412	TRINITY_DN3990_c0_g1_i14	UP
1413	TRINITY_DN3947_c0_g1_i10	UP
1414	TRINITY_DN69218_c0_g1_i4	UP
1415	TRINITY_DN10228_c0_g1_i3	DOWN
1416	TRINITY_DN10283_c0_g1_i13	UP
1417	TRINITY_DN10283_c0_g1_i10	UP
1418	TRINITY_DN10203_c0_g1_i7	DOWN
1419	TRINITY_DN10250_c0_g1_i7	UP
1420	TRINITY_DN10250_c0_g1_i2	UP
1421	TRINITY_DN10250_c0_g1_i3	UP
1422	TRINITY_DN10233_c0_g1_i2	UP
1423	TRINITY_DN10211_c0_g1_i6	DOWN
1424	TRINITY_DN10211_c0_g1_i2	DOWN
1425	TRINITY_DN10263_c0_g1_i1	DOWN
1426	TRINITY_DN10260_c0_g1_i5	DOWN
1427	TRINITY_DN48683_c0_g1_i4	UP
1428	TRINITY_DN41051_c0_g1_i4	DOWN
1429	TRINITY_DN39689_c1_g1_i2	DOWN
1430	TRINITY_DN34207_c0_g1_i6	DOWN
1431	TRINITY_DN34207_c0_g1_i1	DOWN
1432	TRINITY_DN22845_c0_g1_i14	DOWN
1433	TRINITY_DN22823_c0_g1_i2	UP
1434	TRINITY_DN9418_c0_g1_i5	UP
1435	TRINITY_DN9443_c0_g1_i5	UP
1436	TRINITY_DN9414_c0_g1_i4	UP
1437	TRINITY_DN9414_c0_g1_i6	DOWN
1438	TRINITY_DN9414_c0_g1_i3	DOWN
1439	TRINITY_DN9426_c0_g1_i3	UP
1440	TRINITY_DN9435_c0_g1_i12	DOWN
1441	TRINITY_DN9493_c0_g1_i4	DOWN
1442	TRINITY_DN9494_c0_g1_i1	UP
1443	TRINITY_DN9424_c0_g1_i7	UP
1444	TRINITY_DN9424_c0_g1_i1	UP
1445	TRINITY_DN9424_c0_g1_i16	UP
1446	TRINITY_DN9498_c0_g1_i16	DOWN
1447	TRINITY_DN9415_c0_g1_i5	DOWN
1448	TRINITY_DN9467_c0_g1_i11	DOWN
1449	TRINITY_DN9407_c0_g1_i3	DOWN
1450	TRINITY_DN9413_c0_g1_i7	UP
1451	TRINITY_DN9779_c0_g1_i3	DOWN
1452	TRINITY_DN9752_c0_g1_i3	DOWN
1453	TRINITY_DN9752_c0_g1_i12	DOWN
1454	TRINITY_DN9773_c0_g1_i11	UP
1455	TRINITY_DN9724_c0_g1_i3	UP
1456	TRINITY_DN12961_c0_g1_i1	UP
1457	TRINITY_DN12927_c0_g1_i12	UP
1458	TRINITY_DN12967_c0_g1_i3	DOWN
1459	TRINITY_DN9511_c0_g1_i1	DOWN
1460	TRINITY_DN9531_c0_g2_i2	DOWN
1461	TRINITY_DN9528_c0_g1_i5	DOWN
1462	TRINITY_DN9512_c0_g1_i4	UP
1463	TRINITY_DN51828_c0_g1_i2	DOWN
1464	TRINITY_DN16484_c0_g1_i1	DOWN
1465	TRINITY_DN680_c0_g1_i10	UP
1466	TRINITY_DN606_c0_g1_i7	DOWN
1467	TRINITY_DN626_c0_g1_i5	UP
1468	TRINITY_DN697_c0_g1_i1	DOWN
1469	TRINITY_DN660_c0_g1_i7	UP
1470	TRINITY_DN660_c0_g1_i8	UP
1471	TRINITY_DN695_c0_g1_i9	DOWN
1472	TRINITY_DN695_c0_g1_i11	DOWN
1473	TRINITY_DN630_c0_g1_i5	UP
1474	TRINITY_DN618_c0_g1_i8	UP
1475	TRINITY_DN651_c0_g1_i8	DOWN
1476	TRINITY_DN625_c0_g1_i5	DOWN
1477	TRINITY_DN640_c0_g1_i12	UP
1478	TRINITY_DN672_c0_g1_i6	UP
1479	TRINITY_DN654_c1_g1_i4	UP
1480	TRINITY_DN654_c1_g1_i7	UP
1481	TRINITY_DN654_c1_g1_i2	UP
1482	TRINITY_DN622_c0_g1_i1	UP
1483	TRINITY_DN628_c0_g1_i2	UP
1484	TRINITY_DN692_c0_g1_i7	UP
1485	TRINITY_DN638_c0_g1_i7	UP
1486	TRINITY_DN608_c0_g1_i1	UP
1487	TRINITY_DN3435_c0_g1_i5	UP
1488	TRINITY_DN3441_c0_g1_i4	UP
1489	TRINITY_DN3488_c0_g1_i4	UP
1490	TRINITY_DN3488_c0_g1_i6	DOWN
1491	TRINITY_DN3488_c0_g1_i1	UP
1492	TRINITY_DN3488_c0_g1_i2	DOWN
1493	TRINITY_DN3447_c0_g1_i9	UP
1494	TRINITY_DN3400_c0_g1_i4	DOWN
1495	TRINITY_DN3400_c0_g1_i2	DOWN
1496	TRINITY_DN3480_c0_g1_i7	UP
1497	TRINITY_DN3402_c1_g1_i2	UP
1498	TRINITY_DN3464_c0_g1_i6	UP
1499	TRINITY_DN3482_c0_g1_i1	DOWN
1500	TRINITY_DN3408_c0_g1_i1	DOWN
1501	TRINITY_DN45023_c0_g1_i2	UP
1502	TRINITY_DN49372_c0_g1_i1	DOWN
1503	TRINITY_DN5753_c0_g1_i5	DOWN
1504	TRINITY_DN5723_c0_g1_i1	UP
1505	TRINITY_DN5715_c0_g1_i9	UP
1506	TRINITY_DN5716_c0_g1_i6	UP
1507	TRINITY_DN5716_c0_g1_i3	UP
1508	TRINITY_DN5708_c1_g1_i1	DOWN
1509	TRINITY_DN5708_c0_g1_i8	UP
1510	TRINITY_DN5708_c0_g1_i10	UP
1511	TRINITY_DN5764_c0_g1_i4	UP
1512	TRINITY_DN5764_c0_g1_i3	UP
1513	TRINITY_DN5786_c0_g1_i9	DOWN
1514	TRINITY_DN5755_c0_g1_i9	DOWN
1515	TRINITY_DN5755_c0_g1_i12	DOWN
1516	TRINITY_DN5783_c0_g1_i4	DOWN
1517	TRINITY_DN5783_c0_g1_i6	UP
1518	TRINITY_DN5783_c0_g1_i7	DOWN
1519	TRINITY_DN5796_c0_g1_i5	UP
1520	TRINITY_DN5767_c0_g1_i4	DOWN
1521	TRINITY_DN5745_c0_g1_i8	UP
1522	TRINITY_DN5784_c0_g1_i1	DOWN
1523	TRINITY_DN5714_c0_g1_i5	DOWN
1524	TRINITY_DN30230_c0_g1_i1	UP
1525	TRINITY_DN255_c1_g1_i8	DOWN
1526	TRINITY_DN255_c0_g1_i5	DOWN
1527	TRINITY_DN255_c0_g1_i1	DOWN
1528	TRINITY_DN255_c0_g1_i3	DOWN
1529	TRINITY_DN255_c0_g1_i9	DOWN
1530	TRINITY_DN250_c0_g1_i4	UP
1531	TRINITY_DN233_c0_g1_i1	UP
1532	TRINITY_DN211_c0_g1_i3	DOWN
1533	TRINITY_DN201_c0_g1_i1	UP
1534	TRINITY_DN217_c1_g1_i1	DOWN
1535	TRINITY_DN217_c0_g1_i4	DOWN
1536	TRINITY_DN217_c0_g1_i6	DOWN
1537	TRINITY_DN217_c0_g1_i7	DOWN
1538	TRINITY_DN217_c0_g1_i1	DOWN
1539	TRINITY_DN217_c0_g1_i3	DOWN
1540	TRINITY_DN217_c0_g1_i10	DOWN
1541	TRINITY_DN202_c0_g1_i8	UP
1542	TRINITY_DN202_c0_g1_i10	UP
1543	TRINITY_DN202_c0_g1_i11	DOWN
1544	TRINITY_DN278_c0_g1_i7	UP
1545	TRINITY_DN260_c0_g1_i1	DOWN
1546	TRINITY_DN262_c0_g1_i3	DOWN
1547	TRINITY_DN226_c0_g1_i6	UP
1548	TRINITY_DN237_c0_g1_i7	DOWN
1549	TRINITY_DN237_c0_g1_i2	DOWN
1550	TRINITY_DN237_c0_g1_i22	DOWN
1551	TRINITY_DN288_c0_g1_i10	UP
1552	TRINITY_DN221_c0_g1_i5	DOWN
1553	TRINITY_DN277_c0_g1_i1	UP
1554	TRINITY_DN229_c0_g1_i3	DOWN
1555	TRINITY_DN258_c0_g1_i3	DOWN
1556	TRINITY_DN258_c0_g1_i15	UP
1557	TRINITY_DN252_c0_g1_i9	UP
1558	TRINITY_DN234_c0_g1_i13	UP
1559	TRINITY_DN235_c0_g1_i1	UP
1560	TRINITY_DN244_c0_g1_i2	UP
1561	TRINITY_DN16661_c0_g1_i4	DOWN
1562	TRINITY_DN16655_c0_g1_i4	UP
1563	TRINITY_DN16655_c0_g1_i3	UP
1564	TRINITY_DN16623_c0_g1_i3	UP
1565	TRINITY_DN52422_c0_g1_i10	UP
1566	TRINITY_DN8091_c0_g1_i1	UP
1567	TRINITY_DN8062_c0_g1_i4	UP
1568	TRINITY_DN8062_c0_g1_i1	UP
1569	TRINITY_DN8005_c0_g1_i1	UP
1570	TRINITY_DN8083_c0_g1_i13	DOWN
1571	TRINITY_DN8032_c0_g1_i1	DOWN
1572	TRINITY_DN8032_c0_g1_i2	UP
1573	TRINITY_DN8052_c0_g1_i4	DOWN
1574	TRINITY_DN8085_c0_g1_i9	UP
1575	TRINITY_DN8047_c0_g1_i2	DOWN
1576	TRINITY_DN8093_c0_g1_i9	UP
1577	TRINITY_DN8087_c0_g1_i8	DOWN
1578	TRINITY_DN8098_c0_g1_i5	UP
1579	TRINITY_DN8089_c0_g1_i1	UP
1580	TRINITY_DN8026_c0_g1_i7	DOWN
1581	TRINITY_DN8044_c0_g1_i3	DOWN
1582	TRINITY_DN8055_c0_g1_i2	UP
1583	TRINITY_DN40573_c0_g1_i2	UP
1584	TRINITY_DN24580_c0_g1_i6	UP
1585	TRINITY_DN46161_c1_g1_i1	DOWN
1586	TRINITY_DN50295_c0_g1_i5	UP
1587	TRINITY_DN50295_c0_g1_i6	UP
1588	TRINITY_DN846_c0_g1_i2	DOWN
1589	TRINITY_DN876_c0_g1_i6	UP
1590	TRINITY_DN876_c0_g1_i2	DOWN
1591	TRINITY_DN876_c0_g1_i3	UP
1592	TRINITY_DN853_c0_g1_i6	UP
1593	TRINITY_DN808_c0_g1_i4	DOWN
1594	TRINITY_DN808_c0_g1_i5	UP
1595	TRINITY_DN808_c0_g1_i1	DOWN
1596	TRINITY_DN808_c0_g1_i2	UP
1597	TRINITY_DN851_c0_g1_i10	DOWN
1598	TRINITY_DN804_c0_g1_i3	DOWN
1599	TRINITY_DN811_c0_g1_i4	DOWN
1600	TRINITY_DN883_c0_g1_i1	UP
1601	TRINITY_DN831_c0_g1_i6	DOWN
1602	TRINITY_DN848_c0_g1_i14	DOWN
1603	TRINITY_DN886_c0_g1_i6	DOWN
1604	TRINITY_DN896_c0_g1_i4	UP
1605	TRINITY_DN857_c0_g1_i6	UP
1606	TRINITY_DN857_c0_g1_i3	DOWN
1607	TRINITY_DN857_c0_g1_i8	DOWN
1608	TRINITY_DN857_c0_g1_i13	UP
1609	TRINITY_DN852_c0_g1_i4	UP
1610	TRINITY_DN852_c0_g1_i9	UP
1611	TRINITY_DN852_c0_g1_i13	UP
1612	TRINITY_DN856_c0_g1_i2	UP
1613	TRINITY_DN856_c0_g1_i11	UP
1614	TRINITY_DN816_c0_g1_i8	DOWN
1615	TRINITY_DN823_c0_g1_i6	UP
1616	TRINITY_DN859_c0_g1_i4	UP
1617	TRINITY_DN818_c0_g1_i7	DOWN
1618	TRINITY_DN818_c0_g1_i3	DOWN
1619	TRINITY_DN834_c0_g1_i14	DOWN
1620	TRINITY_DN61602_c0_g1_i8	DOWN
1621	TRINITY_DN13563_c0_g1_i4	DOWN
1622	TRINITY_DN13539_c0_g1_i13	DOWN
1623	TRINITY_DN13574_c1_g1_i7	UP
1624	TRINITY_DN13505_c0_g1_i1	DOWN
1625	TRINITY_DN13597_c0_g1_i2	DOWN
1626	TRINITY_DN13511_c0_g2_i7	UP
1627	TRINITY_DN13523_c0_g1_i2	DOWN
1628	TRINITY_DN13582_c0_g1_i4	UP
1629	TRINITY_DN45603_c0_g1_i7	DOWN
1630	TRINITY_DN45603_c0_g1_i9	DOWN
1631	TRINITY_DN63351_c0_g1_i6	DOWN
1632	TRINITY_DN52394_c0_g1_i2	DOWN
1633	TRINITY_DN5552_c0_g1_i4	UP
1634	TRINITY_DN5527_c0_g1_i4	UP
1635	TRINITY_DN5538_c0_g1_i7	UP
1636	TRINITY_DN5526_c0_g1_i10	DOWN
1637	TRINITY_DN5584_c0_g3_i4	UP
1638	TRINITY_DN5512_c1_g1_i13	UP
1639	TRINITY_DN5554_c0_g1_i5	DOWN
1640	TRINITY_DN5554_c0_g1_i16	DOWN
1641	TRINITY_DN5597_c0_g1_i8	DOWN
1642	TRINITY_DN5530_c0_g1_i4	UP
1643	TRINITY_DN5530_c0_g1_i3	UP
1644	TRINITY_DN5503_c0_g1_i1	DOWN
1645	TRINITY_DN5566_c0_g1_i4	UP
1646	TRINITY_DN5566_c0_g1_i2	DOWN
1647	TRINITY_DN5500_c0_g1_i5	DOWN
1648	TRINITY_DN18421_c0_g1_i8	UP
1649	TRINITY_DN18469_c0_g1_i5	UP
1650	TRINITY_DN18472_c0_g1_i9	UP
1651	TRINITY_DN18408_c0_g1_i1	DOWN
1652	TRINITY_DN12305_c0_g1_i2	UP
1653	TRINITY_DN12311_c0_g1_i7	DOWN
1654	TRINITY_DN12310_c0_g1_i4	UP
1655	TRINITY_DN12310_c0_g1_i2	UP
1656	TRINITY_DN12392_c0_g1_i1	DOWN
1657	TRINITY_DN12365_c0_g1_i4	UP
1658	TRINITY_DN3362_c0_g1_i9	DOWN
1659	TRINITY_DN3335_c0_g1_i6	UP
1660	TRINITY_DN3394_c0_g1_i21	DOWN
1661	TRINITY_DN3394_c0_g1_i11	DOWN
1662	TRINITY_DN3391_c0_g1_i4	DOWN
1663	TRINITY_DN3389_c0_g1_i1	UP
1664	TRINITY_DN3389_c0_g1_i10	UP
1665	TRINITY_DN3326_c0_g1_i3	DOWN
1666	TRINITY_DN3331_c0_g1_i6	UP
1667	TRINITY_DN3337_c0_g1_i4	UP
1668	TRINITY_DN3372_c0_g1_i8	UP
1669	TRINITY_DN3324_c0_g1_i8	DOWN
1670	TRINITY_DN3376_c0_g1_i9	UP
1671	TRINITY_DN3342_c0_g1_i3	DOWN
1672	TRINITY_DN1310_c0_g1_i6	UP
1673	TRINITY_DN1379_c0_g1_i3	DOWN
1674	TRINITY_DN1393_c0_g1_i1	DOWN
1675	TRINITY_DN1377_c0_g1_i3	UP
1676	TRINITY_DN1373_c0_g1_i1	UP
1677	TRINITY_DN1347_c0_g1_i6	DOWN
1678	TRINITY_DN1347_c0_g1_i3	DOWN
1679	TRINITY_DN1347_c0_g1_i8	DOWN
1680	TRINITY_DN1347_c0_g1_i10	DOWN
1681	TRINITY_DN1369_c0_g1_i2	UP
1682	TRINITY_DN1369_c0_g1_i8	UP
1683	TRINITY_DN1365_c0_g1_i9	UP
1684	TRINITY_DN1362_c0_g2_i6	UP
1685	TRINITY_DN1392_c0_g1_i8	UP
1686	TRINITY_DN1301_c0_g1_i10	UP
1687	TRINITY_DN1327_c0_g1_i7	DOWN
1688	TRINITY_DN1325_c0_g1_i5	UP
1689	TRINITY_DN1325_c0_g3_i2	UP
1690	TRINITY_DN1386_c0_g1_i9	UP
1691	TRINITY_DN1386_c0_g1_i12	UP
1692	TRINITY_DN1386_c0_g1_i10	UP
1693	TRINITY_DN1317_c0_g1_i3	DOWN
1694	TRINITY_DN1305_c0_g1_i2	DOWN
1695	TRINITY_DN1305_c0_g1_i3	DOWN
1696	TRINITY_DN1321_c0_g1_i18	DOWN
1697	TRINITY_DN1321_c0_g1_i19	UP
1698	TRINITY_DN1302_c0_g1_i5	DOWN
1699	TRINITY_DN1316_c0_g1_i4	DOWN
1700	TRINITY_DN17435_c0_g1_i4	DOWN
1701	TRINITY_DN36082_c0_g1_i7	UP
1702	TRINITY_DN387_c0_g1_i4	UP
1703	TRINITY_DN387_c0_g1_i15	UP
1704	TRINITY_DN302_c0_g1_i1	DOWN
1705	TRINITY_DN341_c0_g1_i5	DOWN
1706	TRINITY_DN341_c0_g1_i3	UP
1707	TRINITY_DN355_c0_g1_i3	DOWN
1708	TRINITY_DN376_c2_g1_i1	DOWN
1709	TRINITY_DN376_c0_g1_i4	DOWN
1710	TRINITY_DN376_c0_g1_i5	DOWN
1711	TRINITY_DN376_c0_g1_i6	DOWN
1712	TRINITY_DN376_c0_g1_i1	DOWN
1713	TRINITY_DN317_c0_g1_i5	UP
1714	TRINITY_DN317_c0_g1_i6	UP
1715	TRINITY_DN385_c0_g1_i3	DOWN
1716	TRINITY_DN385_c0_g1_i11	DOWN
1717	TRINITY_DN318_c0_g1_i3	DOWN
1718	TRINITY_DN377_c0_g1_i12	DOWN
1719	TRINITY_DN363_c0_g1_i1	UP
1720	TRINITY_DN363_c0_g1_i21	UP
1721	TRINITY_DN363_c0_g1_i20	UP
1722	TRINITY_DN307_c0_g1_i9	UP
1723	TRINITY_DN393_c0_g1_i5	DOWN
1724	TRINITY_DN301_c0_g1_i2	UP
1725	TRINITY_DN351_c0_g1_i4	DOWN
1726	TRINITY_DN375_c0_g1_i1	UP
1727	TRINITY_DN360_c0_g1_i14	UP
1728	TRINITY_DN18703_c0_g1_i1	UP
1729	TRINITY_DN53622_c0_g1_i4	DOWN
1730	TRINITY_DN53622_c0_g1_i1	UP
1731	TRINITY_DN5098_c0_g1_i8	UP
1732	TRINITY_DN5079_c0_g1_i6	UP
1733	TRINITY_DN5077_c0_g1_i10	DOWN
1734	TRINITY_DN5025_c0_g1_i2	UP
1735	TRINITY_DN5044_c0_g1_i1	UP
1736	TRINITY_DN5027_c0_g1_i5	UP
1737	TRINITY_DN5019_c0_g1_i8	DOWN
1738	TRINITY_DN5001_c0_g1_i15	UP
1739	TRINITY_DN5001_c0_g1_i10	UP
1740	TRINITY_DN5086_c0_g1_i1	UP
1741	TRINITY_DN5005_c0_g1_i10	UP
1742	TRINITY_DN5031_c0_g1_i7	DOWN
1743	TRINITY_DN5041_c0_g1_i6	UP
1744	TRINITY_DN5039_c0_g1_i5	UP
1745	TRINITY_DN5053_c0_g1_i1	DOWN
1746	TRINITY_DN5006_c0_g1_i2	DOWN
1747	TRINITY_DN5037_c0_g1_i20	UP
1748	TRINITY_DN1902_c0_g1_i11	DOWN
1749	TRINITY_DN1950_c0_g1_i7	UP
1750	TRINITY_DN1932_c0_g1_i4	DOWN
1751	TRINITY_DN1987_c0_g1_i11	DOWN
1752	TRINITY_DN1977_c0_g1_i1	DOWN
1753	TRINITY_DN1927_c0_g1_i9	DOWN
1754	TRINITY_DN1933_c0_g1_i1	UP
1755	TRINITY_DN1905_c0_g1_i2	UP
1756	TRINITY_DN1966_c0_g1_i9	DOWN
1757	TRINITY_DN1966_c0_g1_i15	DOWN
1758	TRINITY_DN1959_c1_g1_i1	DOWN
1759	TRINITY_DN1959_c1_g1_i16	DOWN
1760	TRINITY_DN1974_c0_g1_i4	UP
1761	TRINITY_DN1958_c0_g1_i10	DOWN
1762	TRINITY_DN1903_c0_g1_i9	DOWN
1763	TRINITY_DN1908_c0_g1_i5	UP
1764	TRINITY_DN1908_c0_g1_i7	UP
1765	TRINITY_DN44560_c0_g1_i1	UP
1766	TRINITY_DN31500_c0_g1_i7	DOWN
1767	TRINITY_DN31527_c0_g1_i2	UP
1768	TRINITY_DN51230_c0_g1_i1	UP
1769	TRINITY_DN33336_c0_g1_i1	UP
1770	TRINITY_DN33354_c0_g2_i2	UP
1771	TRINITY_DN15782_c0_g1_i1	UP
1772	TRINITY_DN15767_c0_g1_i7	UP
1773	TRINITY_DN15775_c0_g1_i2	UP
1774	TRINITY_DN15790_c0_g1_i9	DOWN
1775	TRINITY_DN15790_c0_g1_i10	DOWN
1776	TRINITY_DN32425_c0_g1_i1	UP
1777	TRINITY_DN7977_c0_g1_i1	UP
1778	TRINITY_DN7977_c0_g1_i3	UP
1779	TRINITY_DN7996_c0_g1_i6	DOWN
1780	TRINITY_DN7965_c0_g1_i4	UP
1781	TRINITY_DN7920_c0_g1_i1	UP
1782	TRINITY_DN7950_c0_g1_i4	UP
1783	TRINITY_DN7950_c0_g1_i10	DOWN
1784	TRINITY_DN7949_c0_g1_i7	DOWN
1785	TRINITY_DN7933_c1_g1_i3	UP
1786	TRINITY_DN7915_c0_g1_i5	DOWN
1787	TRINITY_DN7937_c0_g1_i3	UP
1788	TRINITY_DN13638_c0_g1_i8	UP
1789	TRINITY_DN13691_c0_g1_i6	UP
1790	TRINITY_DN13691_c0_g1_i1	UP
1791	TRINITY_DN13616_c0_g1_i1	UP
1792	TRINITY_DN18586_c0_g1_i4	UP
1793	TRINITY_DN18504_c0_g1_i1	DOWN
1794	TRINITY_DN18578_c0_g1_i3	UP
1795	TRINITY_DN4166_c0_g1_i2	UP
1796	TRINITY_DN4126_c0_g1_i6	UP
1797	TRINITY_DN4112_c0_g1_i5	DOWN
1798	TRINITY_DN4171_c0_g1_i10	DOWN
1799	TRINITY_DN4123_c0_g1_i4	UP
1800	TRINITY_DN4115_c0_g1_i10	UP
1801	TRINITY_DN4137_c0_g1_i4	DOWN
1802	TRINITY_DN4106_c0_g1_i4	UP
1803	TRINITY_DN4173_c0_g1_i2	UP
1804	TRINITY_DN4145_c0_g1_i9	UP
1805	TRINITY_DN4177_c0_g1_i6	UP
1806	TRINITY_DN4197_c0_g1_i20	UP
1807	TRINITY_DN4179_c0_g1_i15	UP
1808	TRINITY_DN4148_c0_g1_i14	UP
1809	TRINITY_DN4155_c0_g1_i6	UP
1810	TRINITY_DN72887_c0_g1_i1	UP
1811	TRINITY_DN14401_c0_g1_i1	DOWN
1812	TRINITY_DN14425_c0_g1_i3	UP
1813	TRINITY_DN45249_c0_g1_i1	UP
1814	TRINITY_DN15484_c0_g1_i1	UP
1815	TRINITY_DN10968_c0_g1_i4	UP
1816	TRINITY_DN10989_c0_g1_i8	DOWN
1817	TRINITY_DN10913_c0_g1_i15	UP
1818	TRINITY_DN10918_c0_g1_i5	DOWN
1819	TRINITY_DN10933_c0_g1_i4	DOWN
1820	TRINITY_DN10957_c0_g1_i7	DOWN
1821	TRINITY_DN29517_c0_g1_i4	UP
1822	TRINITY_DN7076_c0_g1_i2	DOWN
1823	TRINITY_DN7030_c0_g1_i2	DOWN
1824	TRINITY_DN7024_c0_g1_i5	DOWN
1825	TRINITY_DN7068_c0_g1_i9	UP
1826	TRINITY_DN7045_c0_g1_i4	UP
1827	TRINITY_DN7045_c0_g1_i2	UP
1828	TRINITY_DN7045_c0_g1_i13	UP
1829	TRINITY_DN7027_c0_g1_i12	DOWN
1830	TRINITY_DN7027_c0_g1_i11	DOWN
1831	TRINITY_DN7075_c0_g1_i1	DOWN
1832	TRINITY_DN7021_c0_g1_i8	DOWN
1833	TRINITY_DN36637_c0_g1_i3	DOWN
1834	TRINITY_DN19202_c0_g1_i3	UP
1835	TRINITY_DN19239_c0_g1_i11	DOWN
1836	TRINITY_DN19245_c0_g1_i11	UP
1837	TRINITY_DN19275_c0_g1_i7	DOWN
1838	TRINITY_DN12038_c0_g1_i6	UP
1839	TRINITY_DN12049_c0_g1_i7	DOWN
1840	TRINITY_DN12047_c0_g1_i12	UP
1841	TRINITY_DN12060_c0_g1_i2	UP
1842	TRINITY_DN8582_c0_g1_i1	DOWN
1843	TRINITY_DN8572_c0_g1_i3	UP
1844	TRINITY_DN8563_c0_g1_i2	DOWN
1845	TRINITY_DN6676_c0_g1_i5	DOWN
1846	TRINITY_DN6676_c0_g1_i1	DOWN
1847	TRINITY_DN6676_c0_g1_i2	DOWN
1848	TRINITY_DN6612_c0_g1_i4	DOWN
1849	TRINITY_DN6612_c0_g1_i6	DOWN
1850	TRINITY_DN6612_c0_g1_i7	DOWN
1851	TRINITY_DN6612_c0_g1_i10	DOWN
1852	TRINITY_DN6606_c0_g1_i11	UP
1853	TRINITY_DN6655_c0_g1_i6	DOWN
1854	TRINITY_DN6670_c0_g1_i1	DOWN
1855	TRINITY_DN6690_c0_g1_i9	UP
1856	TRINITY_DN6686_c0_g1_i8	DOWN
1857	TRINITY_DN6689_c0_g1_i22	DOWN
1858	TRINITY_DN6689_c0_g1_i20	UP
1859	TRINITY_DN21120_c0_g1_i2	DOWN
1860	TRINITY_DN10684_c0_g1_i1	DOWN
1861	TRINITY_DN10604_c0_g1_i1	DOWN
1862	TRINITY_DN10683_c0_g1_i9	UP
1863	TRINITY_DN10616_c0_g1_i5	UP
1864	TRINITY_DN10602_c0_g1_i8	DOWN
1865	TRINITY_DN10686_c0_g1_i4	DOWN
1866	TRINITY_DN58084_c0_g2_i1	UP
1867	TRINITY_DN1500_c0_g1_i3	UP
1868	TRINITY_DN1513_c0_g1_i9	UP
1869	TRINITY_DN1564_c0_g1_i1	DOWN
1870	TRINITY_DN1564_c0_g1_i2	DOWN
1871	TRINITY_DN1578_c0_g1_i15	DOWN
1872	TRINITY_DN1547_c0_g1_i6	UP
1873	TRINITY_DN1526_c0_g1_i3	UP
1874	TRINITY_DN1551_c0_g2_i1	DOWN
1875	TRINITY_DN1551_c0_g2_i5	DOWN
1876	TRINITY_DN1523_c0_g1_i4	DOWN
1877	TRINITY_DN1561_c0_g1_i10	DOWN
1878	TRINITY_DN1517_c0_g1_i1	DOWN
1879	TRINITY_DN1556_c0_g1_i5	DOWN
1880	TRINITY_DN1532_c0_g1_i4	DOWN
1881	TRINITY_DN1576_c0_g1_i5	UP
1882	TRINITY_DN27800_c0_g1_i11	DOWN
1883	TRINITY_DN27833_c0_g1_i1	DOWN
1884	TRINITY_DN700_c0_g1_i6	UP
1885	TRINITY_DN783_c0_g1_i6	DOWN
1886	TRINITY_DN762_c0_g1_i3	UP
1887	TRINITY_DN758_c0_g2_i5	UP
1888	TRINITY_DN761_c0_g1_i1	UP
1889	TRINITY_DN726_c0_g1_i3	UP
1890	TRINITY_DN753_c0_g1_i6	UP
1891	TRINITY_DN753_c0_g1_i11	UP
1892	TRINITY_DN781_c0_g1_i5	UP
1893	TRINITY_DN787_c0_g1_i4	UP
1894	TRINITY_DN765_c0_g1_i2	UP
1895	TRINITY_DN780_c0_g1_i5	DOWN
1896	TRINITY_DN780_c0_g1_i17	DOWN
1897	TRINITY_DN780_c0_g1_i11	DOWN
1898	TRINITY_DN716_c0_g1_i4	UP
1899	TRINITY_DN734_c0_g1_i3	UP
1900	TRINITY_DN786_c0_g1_i6	DOWN
1901	TRINITY_DN759_c0_g1_i6	UP
1902	TRINITY_DN798_c0_g1_i5	UP
1903	TRINITY_DN798_c0_g1_i7	UP
1904	TRINITY_DN749_c0_g1_i11	UP
1905	TRINITY_DN728_c0_g2_i3	DOWN
1906	TRINITY_DN7497_c0_g1_i13	UP
1907	TRINITY_DN7493_c0_g1_i16	DOWN
1908	TRINITY_DN7445_c0_g1_i8	UP
1909	TRINITY_DN7437_c0_g1_i7	DOWN
1910	TRINITY_DN7488_c0_g1_i5	UP
1911	TRINITY_DN7488_c0_g1_i8	DOWN
1912	TRINITY_DN7436_c0_g1_i4	UP
1913	TRINITY_DN7472_c1_g1_i2	UP
1914	TRINITY_DN7440_c0_g1_i4	UP
1915	TRINITY_DN7440_c0_g1_i6	UP
1916	TRINITY_DN7464_c0_g1_i4	DOWN
1917	TRINITY_DN7477_c0_g1_i12	UP
1918	TRINITY_DN7467_c0_g1_i14	UP
1919	TRINITY_DN7467_c0_g1_i11	DOWN
1920	TRINITY_DN7491_c0_g1_i1	DOWN
1921	TRINITY_DN7450_c0_g1_i10	UP
1922	TRINITY_DN7476_c0_g1_i8	DOWN
1923	TRINITY_DN7439_c0_g1_i2	UP
1924	TRINITY_DN7439_c0_g1_i3	UP
1925	TRINITY_DN33288_c0_g1_i2	DOWN
1926	TRINITY_DN11448_c0_g1_i2	DOWN
1927	TRINITY_DN11457_c0_g1_i1	UP
1928	TRINITY_DN11441_c0_g1_i2	UP
1929	TRINITY_DN11408_c0_g1_i6	DOWN
1930	TRINITY_DN11408_c0_g1_i8	DOWN
1931	TRINITY_DN11413_c0_g1_i6	UP
1932	TRINITY_DN11413_c0_g1_i7	UP
1933	TRINITY_DN11433_c0_g1_i2	DOWN
1934	TRINITY_DN11445_c0_g1_i6	UP
1935	TRINITY_DN11445_c0_g1_i3	UP
1936	TRINITY_DN11491_c0_g1_i3	UP
1937	TRINITY_DN20540_c0_g1_i23	DOWN
1938	TRINITY_DN20578_c0_g1_i5	UP
1939	TRINITY_DN1664_c0_g1_i4	DOWN
1940	TRINITY_DN1670_c0_g1_i13	UP
1941	TRINITY_DN1633_c1_g1_i11	UP
1942	TRINITY_DN1643_c0_g1_i1	UP
1943	TRINITY_DN1604_c2_g1_i1	DOWN
1944	TRINITY_DN1694_c0_g1_i6	UP
1945	TRINITY_DN1632_c0_g1_i12	DOWN
1946	TRINITY_DN1640_c0_g1_i15	DOWN
1947	TRINITY_DN1600_c0_g2_i6	UP
1948	TRINITY_DN1626_c0_g1_i2	DOWN
1949	TRINITY_DN1605_c0_g1_i10	DOWN
1950	TRINITY_DN1681_c0_g1_i3	UP
1951	TRINITY_DN1690_c0_g1_i3	DOWN
1952	TRINITY_DN1623_c0_g1_i4	DOWN
1953	TRINITY_DN1622_c0_g1_i1	DOWN
1954	TRINITY_DN1637_c0_g1_i3	UP
1955	TRINITY_DN1602_c0_g1_i4	DOWN
1956	TRINITY_DN1602_c0_g1_i7	UP
1957	TRINITY_DN1631_c0_g1_i3	UP
1958	TRINITY_DN1685_c0_g1_i2	UP
1959	TRINITY_DN1685_c0_g1_i13	UP
1960	TRINITY_DN41659_c0_g1_i7	DOWN
1961	TRINITY_DN8293_c0_g1_i7	DOWN
1962	TRINITY_DN8231_c0_g1_i4	UP
1963	TRINITY_DN8211_c0_g1_i6	UP
1964	TRINITY_DN8200_c0_g1_i4	UP
1965	TRINITY_DN8203_c0_g1_i4	DOWN
1966	TRINITY_DN8253_c0_g1_i5	UP
1967	TRINITY_DN6780_c0_g1_i2	DOWN
1968	TRINITY_DN6780_c0_g1_i3	DOWN
1969	TRINITY_DN6709_c0_g1_i26	UP
1970	TRINITY_DN6722_c0_g2_i7	DOWN
1971	TRINITY_DN6787_c0_g1_i6	DOWN
1972	TRINITY_DN6715_c0_g1_i9	UP
1973	TRINITY_DN6776_c0_g1_i13	DOWN
1974	TRINITY_DN6776_c0_g1_i10	DOWN
1975	TRINITY_DN6711_c0_g1_i5	DOWN
1976	TRINITY_DN6711_c0_g1_i13	DOWN
1977	TRINITY_DN6746_c0_g1_i7	DOWN
1978	TRINITY_DN6746_c0_g1_i8	DOWN
1979	TRINITY_DN6763_c0_g1_i13	UP
1980	TRINITY_DN6786_c0_g1_i5	DOWN
1981	TRINITY_DN6736_c0_g1_i5	UP
1982	TRINITY_DN6736_c0_g1_i7	UP
1983	TRINITY_DN7780_c0_g1_i6	UP
1984	TRINITY_DN7744_c0_g1_i11	UP
1985	TRINITY_DN7722_c0_g1_i8	UP
1986	TRINITY_DN7714_c0_g1_i4	UP
1987	TRINITY_DN7749_c0_g1_i9	UP
1988	TRINITY_DN7749_c0_g1_i10	UP
1989	TRINITY_DN7770_c0_g2_i1	DOWN
1990	TRINITY_DN7768_c0_g1_i2	UP
1991	TRINITY_DN7776_c1_g2_i1	UP
1992	TRINITY_DN7760_c0_g2_i3	UP
1993	TRINITY_DN7742_c0_g1_i1	DOWN
1994	TRINITY_DN85729_c0_g1_i1	DOWN
1995	TRINITY_DN23685_c0_g1_i3	UP
1996	TRINITY_DN23620_c0_g2_i4	DOWN
1997	TRINITY_DN23619_c0_g1_i1	DOWN
1998	TRINITY_DN23630_c0_g1_i4	UP
1999	TRINITY_DN23634_c3_g1_i1	UP
2000	TRINITY_DN18016_c0_g1_i7	UP
2001	TRINITY_DN60106_c0_g1_i2	DOWN
2002	TRINITY_DN23436_c1_g1_i7	DOWN
2003	TRINITY_DN23415_c0_g1_i2	UP
2004	TRINITY_DN23460_c0_g1_i8	UP
2005	TRINITY_DN23492_c0_g1_i1	DOWN
2006	TRINITY_DN436_c0_g1_i5	UP
2007	TRINITY_DN463_c0_g1_i7	DOWN
2008	TRINITY_DN463_c0_g1_i8	DOWN
2009	TRINITY_DN401_c0_g1_i6	UP
2010	TRINITY_DN402_c1_g1_i2	UP
2011	TRINITY_DN402_c0_g1_i1	UP
2012	TRINITY_DN421_c0_g1_i1	DOWN
2013	TRINITY_DN411_c0_g1_i9	UP
2014	TRINITY_DN490_c0_g1_i6	UP
2015	TRINITY_DN408_c0_g1_i4	DOWN
2016	TRINITY_DN408_c0_g1_i9	UP
2017	TRINITY_DN430_c1_g1_i11	DOWN
2018	TRINITY_DN430_c0_g1_i1	DOWN
2019	TRINITY_DN418_c0_g1_i4	DOWN
2020	TRINITY_DN479_c0_g1_i2	UP
2021	TRINITY_DN465_c0_g1_i9	DOWN
2022	TRINITY_DN465_c0_g1_i10	DOWN
2023	TRINITY_DN420_c0_g2_i3	DOWN
2024	TRINITY_DN426_c0_g1_i4	DOWN
2025	TRINITY_DN426_c0_g1_i6	UP
2026	TRINITY_DN426_c0_g1_i3	UP
2027	TRINITY_DN449_c0_g1_i17	UP
2028	TRINITY_DN433_c0_g1_i12	UP
2029	TRINITY_DN415_c0_g1_i3	UP
2030	TRINITY_DN415_c0_g1_i9	UP
2031	TRINITY_DN415_c0_g1_i16	DOWN
2032	TRINITY_DN1260_c0_g1_i7	UP
2033	TRINITY_DN1283_c0_g1_i4	UP
2034	TRINITY_DN1234_c0_g1_i1	DOWN
2035	TRINITY_DN1234_c0_g1_i8	DOWN
2036	TRINITY_DN1279_c0_g1_i4	DOWN
2037	TRINITY_DN1213_c0_g1_i6	DOWN
2038	TRINITY_DN1284_c1_g1_i9	UP
2039	TRINITY_DN1284_c1_g1_i2	UP
2040	TRINITY_DN1284_c0_g1_i6	UP
2041	TRINITY_DN1215_c0_g1_i13	UP
2042	TRINITY_DN1281_c0_g1_i9	DOWN
2043	TRINITY_DN1224_c0_g1_i2	UP
2044	TRINITY_DN1244_c0_g1_i5	DOWN
2045	TRINITY_DN1249_c0_g1_i5	UP
2046	TRINITY_DN1214_c0_g1_i6	UP
2047	TRINITY_DN1252_c0_g1_i15	UP
2048	TRINITY_DN1241_c0_g1_i6	UP
2049	TRINITY_DN1269_c0_g1_i1	UP
2050	TRINITY_DN1269_c0_g1_i3	UP
2051	TRINITY_DN1200_c0_g1_i6	UP
2052	TRINITY_DN1227_c0_g1_i4	UP
2053	TRINITY_DN1238_c0_g1_i1	DOWN
2054	TRINITY_DN1238_c0_g1_i16	DOWN
2055	TRINITY_DN1238_c0_g1_i12	UP
2056	TRINITY_DN1216_c0_g1_i5	UP
2057	TRINITY_DN1257_c0_g1_i4	DOWN
2058	TRINITY_DN1257_c0_g1_i6	DOWN
2059	TRINITY_DN1257_c0_g1_i7	DOWN
2060	TRINITY_DN1257_c0_g1_i1	DOWN
2061	TRINITY_DN1257_c0_g1_i13	DOWN
2062	TRINITY_DN1204_c0_g1_i5	UP
2063	TRINITY_DN1246_c0_g1_i15	UP
2064	TRINITY_DN6416_c0_g1_i8	UP
2065	TRINITY_DN6416_c0_g1_i10	UP
2066	TRINITY_DN6473_c0_g1_i5	UP
2067	TRINITY_DN6439_c0_g1_i6	DOWN
2068	TRINITY_DN6429_c0_g1_i1	UP
2069	TRINITY_DN6429_c0_g1_i8	UP
2070	TRINITY_DN6498_c0_g1_i4	DOWN
2071	TRINITY_DN6413_c1_g1_i6	UP
2072	TRINITY_DN6495_c0_g1_i11	UP
2073	TRINITY_DN6457_c1_g1_i1	UP
2074	TRINITY_DN6404_c0_g1_i5	DOWN
2075	TRINITY_DN6404_c0_g1_i1	DOWN
2076	TRINITY_DN6494_c0_g1_i3	UP
2077	TRINITY_DN37188_c0_g1_i1	UP
2078	TRINITY_DN37118_c1_g1_i7	UP
2079	TRINITY_DN37118_c1_g1_i2	UP
2080	TRINITY_DN37119_c0_g1_i1	DOWN
2081	TRINITY_DN10559_c0_g1_i2	DOWN
2082	TRINITY_DN10554_c0_g1_i8	UP
2083	TRINITY_DN10519_c0_g1_i3	UP
2084	TRINITY_DN10596_c0_g1_i2	UP
2085	TRINITY_DN10578_c0_g1_i2	UP
2086	TRINITY_DN10539_c0_g1_i2	UP
2087	TRINITY_DN8987_c0_g1_i3	DOWN
2088	TRINITY_DN8972_c0_g1_i2	UP
2089	TRINITY_DN8920_c0_g1_i12	UP
2090	TRINITY_DN8955_c0_g1_i2	DOWN
2091	TRINITY_DN8966_c0_g1_i2	DOWN
2092	TRINITY_DN8958_c1_g2_i2	DOWN
2093	TRINITY_DN8991_c0_g1_i1	UP
2094	TRINITY_DN8913_c0_g1_i5	UP
2095	TRINITY_DN25030_c0_g1_i1	DOWN
2096	TRINITY_DN25087_c0_g1_i3	DOWN
2097	TRINITY_DN28771_c0_g1_i4	UP
2098	TRINITY_DN28771_c0_g1_i10	UP
2099	TRINITY_DN28779_c0_g1_i8	UP
2100	TRINITY_DN56811_c0_g1_i1	UP
2101	TRINITY_DN28374_c0_g2_i4	UP
2102	TRINITY_DN28338_c0_g1_i1	UP
2103	TRINITY_DN28325_c0_g1_i1	DOWN
2104	TRINITY_DN28339_c0_g1_i10	UP
2105	TRINITY_DN14779_c0_g1_i4	UP
2106	TRINITY_DN14780_c0_g1_i1	DOWN
2107	TRINITY_DN14780_c0_g1_i3	UP
2108	TRINITY_DN14730_c0_g1_i5	UP
2109	TRINITY_DN14793_c0_g1_i1	UP
2110	TRINITY_DN14713_c0_g1_i1	UP
2111	TRINITY_DN60308_c0_g2_i1	UP
2112	TRINITY_DN25388_c0_g1_i2	UP
2113	TRINITY_DN37426_c0_g1_i6	UP
2114	TRINITY_DN37441_c0_g1_i2	UP
2115	TRINITY_DN36890_c0_g1_i3	UP
2116	TRINITY_DN9225_c0_g1_i5	UP
2117	TRINITY_DN9225_c0_g1_i2	UP
2118	TRINITY_DN9260_c0_g1_i10	DOWN
2119	TRINITY_DN9247_c0_g1_i2	DOWN
2120	TRINITY_DN9230_c0_g1_i4	UP
2121	TRINITY_DN9222_c0_g1_i3	UP
2122	TRINITY_DN9273_c0_g1_i1	DOWN
2123	TRINITY_DN9219_c0_g1_i4	DOWN
2124	TRINITY_DN9251_c0_g1_i4	DOWN
2125	TRINITY_DN9251_c0_g1_i5	DOWN
2126	TRINITY_DN29166_c0_g1_i6	UP
2127	TRINITY_DN29144_c0_g1_i1	DOWN
2128	TRINITY_DN29114_c0_g1_i14	UP
2129	TRINITY_DN58192_c0_g1_i2	UP
2130	TRINITY_DN23376_c0_g1_i2	DOWN
2131	TRINITY_DN12490_c0_g1_i6	UP
2132	TRINITY_DN12463_c0_g1_i5	UP
2133	TRINITY_DN12475_c0_g1_i1	UP
2134	TRINITY_DN19178_c0_g1_i10	DOWN
2135	TRINITY_DN19161_c0_g1_i12	DOWN
2136	TRINITY_DN19134_c0_g2_i1	DOWN
2137	TRINITY_DN23269_c0_g1_i7	UP
2138	TRINITY_DN23261_c0_g1_i4	DOWN
2139	TRINITY_DN66596_c0_g1_i1	UP
2140	TRINITY_DN41586_c0_g2_i1	DOWN
2141	TRINITY_DN6249_c0_g1_i2	DOWN
2142	TRINITY_DN6262_c0_g1_i7	UP
2143	TRINITY_DN6279_c0_g1_i7	UP
2144	TRINITY_DN6279_c0_g1_i9	UP
2145	TRINITY_DN6238_c0_g1_i29	UP
2146	TRINITY_DN6285_c0_g1_i8	DOWN
2147	TRINITY_DN6236_c0_g1_i12	UP
2148	TRINITY_DN6236_c0_g1_i11	UP
2149	TRINITY_DN6206_c0_g1_i3	DOWN
2150	TRINITY_DN6222_c0_g1_i12	DOWN
2151	TRINITY_DN6288_c0_g2_i10	DOWN
2152	TRINITY_DN6284_c0_g1_i4	DOWN
2153	TRINITY_DN6273_c0_g1_i4	DOWN
2154	TRINITY_DN6273_c0_g1_i1	DOWN
2155	TRINITY_DN6290_c0_g1_i9	UP
2156	TRINITY_DN6223_c0_g1_i6	UP
2157	TRINITY_DN6269_c0_g1_i1	DOWN
2158	TRINITY_DN6233_c0_g1_i2	UP
2159	TRINITY_DN51083_c0_g1_i11	DOWN
2160	TRINITY_DN51098_c0_g1_i6	UP
2161	TRINITY_DN9025_c0_g1_i1	UP
2162	TRINITY_DN9008_c0_g1_i3	UP
2163	TRINITY_DN9019_c0_g1_i12	UP
2164	TRINITY_DN9007_c0_g1_i2	UP
2165	TRINITY_DN9060_c0_g1_i1	UP
2166	TRINITY_DN9093_c0_g1_i1	UP
2167	TRINITY_DN9045_c0_g1_i8	DOWN
2168	TRINITY_DN29072_c0_g1_i1	UP
2169	TRINITY_DN9974_c0_g1_i4	DOWN
2170	TRINITY_DN9939_c0_g1_i3	DOWN
2171	TRINITY_DN9981_c0_g1_i5	UP
2172	TRINITY_DN16369_c0_g1_i5	DOWN
2173	TRINITY_DN16344_c0_g1_i1	DOWN
2174	TRINITY_DN16329_c0_g2_i1	UP
2175	TRINITY_DN37063_c0_g1_i5	UP
2176	TRINITY_DN15147_c0_g1_i4	UP
2177	TRINITY_DN15106_c0_g1_i8	UP
2178	TRINITY_DN15146_c0_g1_i5	UP
2179	TRINITY_DN15146_c0_g1_i2	UP
2180	TRINITY_DN15180_c0_g1_i3	DOWN
2181	TRINITY_DN25109_c0_g1_i4	UP
2182	TRINITY_DN25170_c0_g1_i4	UP
2183	TRINITY_DN15528_c0_g1_i5	UP
2184	TRINITY_DN15570_c0_g2_i4	UP
2185	TRINITY_DN15557_c0_g1_i3	DOWN
2186	TRINITY_DN15559_c0_g1_i14	UP
2187	TRINITY_DN15559_c0_g1_i15	UP
2188	TRINITY_DN15555_c0_g1_i6	UP
2189	TRINITY_DN1851_c0_g1_i5	DOWN
2190	TRINITY_DN1829_c0_g1_i6	UP
2191	TRINITY_DN1827_c0_g1_i6	UP
2192	TRINITY_DN1812_c0_g1_i9	DOWN
2193	TRINITY_DN1835_c0_g1_i4	DOWN
2194	TRINITY_DN1893_c0_g1_i7	UP
2195	TRINITY_DN1893_c0_g1_i2	DOWN
2196	TRINITY_DN1891_c0_g1_i5	UP
2197	TRINITY_DN1882_c0_g1_i14	DOWN
2198	TRINITY_DN1846_c0_g1_i6	DOWN
2199	TRINITY_DN1883_c0_g1_i5	DOWN
2200	TRINITY_DN1857_c0_g1_i5	DOWN
2201	TRINITY_DN1801_c0_g1_i2	DOWN
2202	TRINITY_DN1840_c0_g1_i8	UP
2203	TRINITY_DN1845_c0_g1_i2	UP
2204	TRINITY_DN1862_c0_g1_i4	DOWN
2205	TRINITY_DN1832_c0_g1_i1	DOWN
2206	TRINITY_DN1838_c0_g1_i9	UP
2207	TRINITY_DN1800_c0_g1_i2	UP
2208	TRINITY_DN1800_c0_g1_i3	UP
2209	TRINITY_DN1800_c0_g1_i8	UP
2210	TRINITY_DN1855_c0_g1_i2	UP
2211	TRINITY_DN1870_c0_g1_i4	DOWN
2212	TRINITY_DN1803_c0_g1_i8	UP
2213	TRINITY_DN1852_c0_g1_i8	UP
2214	TRINITY_DN18294_c0_g1_i4	DOWN
2215	TRINITY_DN18294_c0_g1_i3	UP
2216	TRINITY_DN18232_c0_g1_i2	DOWN
2217	TRINITY_DN18291_c0_g1_i6	DOWN
2218	TRINITY_DN20465_c0_g1_i5	UP
2219	TRINITY_DN17656_c0_g1_i3	UP
2220	TRINITY_DN17694_c0_g1_i2	UP
2221	TRINITY_DN17683_c0_g1_i2	DOWN
2222	TRINITY_DN31091_c0_g1_i4	DOWN
2223	TRINITY_DN31024_c0_g1_i7	UP
2224	TRINITY_DN31062_c0_g1_i2	DOWN
2225	TRINITY_DN18985_c0_g1_i3	DOWN
2226	TRINITY_DN18950_c0_g1_i9	DOWN
2227	TRINITY_DN18941_c0_g1_i2	UP
2228	TRINITY_DN2468_c0_g1_i10	UP
2229	TRINITY_DN2422_c0_g1_i5	UP
2230	TRINITY_DN2422_c0_g1_i6	DOWN
2231	TRINITY_DN2457_c0_g1_i1	DOWN
2232	TRINITY_DN2486_c0_g1_i4	UP
2233	TRINITY_DN2486_c0_g1_i5	UP
2234	TRINITY_DN2486_c0_g1_i1	UP
2235	TRINITY_DN2486_c0_g1_i15	DOWN
2236	TRINITY_DN2439_c0_g1_i7	UP
2237	TRINITY_DN2439_c0_g1_i10	UP
2238	TRINITY_DN2479_c0_g1_i6	DOWN
2239	TRINITY_DN2432_c0_g1_i1	DOWN
2240	TRINITY_DN2427_c0_g1_i3	UP
2241	TRINITY_DN2472_c0_g1_i11	UP
2242	TRINITY_DN2417_c0_g1_i4	DOWN
2243	TRINITY_DN2426_c0_g1_i5	UP
2244	TRINITY_DN2443_c0_g1_i11	DOWN
2245	TRINITY_DN2425_c0_g1_i3	UP
2246	TRINITY_DN2423_c0_g1_i7	DOWN
2247	TRINITY_DN2407_c0_g1_i7	UP
2248	TRINITY_DN2497_c0_g1_i6	DOWN
2249	TRINITY_DN2497_c0_g1_i3	DOWN
2250	TRINITY_DN2497_c0_g1_i9	UP
2251	TRINITY_DN43311_c0_g1_i3	DOWN
